Date,VT,IEF,STIP,GSG,SGOL
2016-01-04,45.212059020996094,82.90769958496094,72.329345703125,14.119999885559082,10.489999771118164
2016-01-05,45.22004318237305,82.88428497314453,72.3220443725586,13.979999542236328,10.520999908447266
2016-01-06,44.54961395263672,83.38468170166016,72.3220443725586,13.56999969482422,10.66800022125244
2016-01-07,43.51211166381836,83.5644760131836,72.35861206054688,13.4399995803833,10.821999549865724
2016-01-08,43.0013313293457,83.77556610107422,72.42430877685547,13.420000076293944,10.770999908447266
2016-01-11,43.0252799987793,83.50977325439453,72.31474304199219,12.960000038146973,10.68000030517578
2016-01-12,43.26470565795898,83.88501739501953,72.30014038085938,12.93000030517578,10.63599967956543
2016-01-13,42.29900741577149,84.21343231201172,72.36588287353516,12.829999923706056,10.675000190734863
2016-01-14,42.985382080078125,84.04145050048828,72.40242004394531,12.890000343322754,10.503000259399414
2016-01-15,41.78024673461914,84.43230438232422,72.329345703125,12.550000190734863,10.612000465393066
2016-01-19,41.90794372558594,84.3228988647461,72.3366470336914,12.420000076293944,10.604999542236328
2016-01-20,41.237548828125,84.73727416992188,72.3220443725586,12.279999732971191,10.744000434875488
2016-01-21,41.47698211669922,84.52618408203125,72.2781982421875,12.529999732971191,10.746000289916992
2016-01-22,42.514495849609375,84.33855438232422,72.30744171142578,13.020000457763672,10.706000328063965
2016-01-25,41.8520736694336,84.6199951171875,72.35861206054688,12.59000015258789,10.81700038909912
2016-01-26,42.55439376831055,84.68254089355469,72.40971374511719,12.869999885559082,10.947999954223633
2016-01-27,42.17131423950195,84.7451171875,72.50469207763672,13.06999969482422,10.98799991607666
2016-01-28,42.31496810913086,84.85453033447266,72.56314849853516,13.380000114440918,10.871000289916992
2016-01-29,43.28865051269531,85.30802154541016,72.6362075805664,13.479999542236328,10.906999588012695
2016-02-01,43.34452438354492,85.1114730834961,72.53390502929688,13.079999923706056,11.024999618530272
2016-02-02,42.31496810913086,85.71440887451172,72.57775115966797,12.779999732971191,11.02400016784668
2016-02-03,42.69806671142578,85.62044525146484,72.5997085571289,13.260000228881836,11.145000457763672
2016-02-04,42.78585052490234,85.8240737915039,72.62891387939453,13.140000343322754,11.274999618530272
2016-02-05,42.05159759521485,85.93363189697266,72.526611328125,12.989999771118164,11.454999923706056
2016-02-08,41.37320709228516,86.57566833496094,72.43891143798828,12.800000190734863,11.61400032043457
2016-02-09,41.07793426513672,86.59135437011719,72.36588287353516,12.43000030517578,11.588000297546388
2016-02-10,41.10186004638672,86.8497314453125,72.40242004394531,12.329999923706056,11.673999786376951
2016-02-11,40.55119323730469,87.2490463256836,72.42430877685547,12.43000030517578,12.147000312805176
2016-02-12,41.26947021484375,86.58357238769531,72.45356750488281,12.720000267028809,12.07699966430664
2016-02-16,42.02766418457031,86.32510375976562,72.39512634277344,12.630000114440918,11.70699977874756
2016-02-17,42.84968185424805,86.11373901367188,72.39512634277344,12.989999771118164,11.791999816894531
2016-02-18,42.6661376953125,86.51300811767578,72.43165588378906,12.93000030517578,12.0600004196167
2016-02-19,42.61027526855469,86.51300811767578,72.4681625366211,12.8100004196167,11.986000061035156
2016-02-22,43.256717681884766,86.42691040039062,72.49740600585938,13.0600004196167,11.781999588012695
2016-02-23,42.65016174316406,86.59916687011719,72.57775115966797,12.800000190734863,11.949000358581545
2016-02-24,42.68210220336914,86.59916687011719,72.6800765991211,12.979999542236328,11.991000175476074
2016-02-25,43.144996643066406,86.85757446289062,72.76775360107422,13.050000190734863,12.024999618530272
2016-02-26,43.08912658691406,86.43473052978516,72.70931243896484,13.029999732971191,11.944000244140623
2016-02-29,42.80979919433594,86.57566833496094,72.81890869140625,13.199999809265137,12.100000381469728
2016-03-01,43.89519882202149,85.89900207519531,72.78968811035156,13.239999771118164,12.015999794006348
2016-03-02,44.18250274658203,85.75005340576172,72.78968811035156,13.34000015258789,12.156999588012695
2016-03-03,44.54961395263672,85.85197448730469,72.87004089355469,13.350000381469728,12.312999725341797
2016-03-04,44.85292434692383,85.56185913085938,72.82618713378906,13.699999809265137,12.30500030517578
2016-03-07,44.85292434692383,85.38935089111328,72.79698181152344,14.050000190734863,12.357000350952148
2016-03-08,44.270301818847656,85.88333892822266,72.88467407226562,13.779999732971191,12.305999755859377
2016-03-09,44.50973892211914,85.54615020751953,72.89197540283203,14.149999618530272,12.20300006866455
2016-03-10,44.46184539794922,85.2403564453125,72.78237915039062,14.039999961853027,12.395000457763672
2016-03-11,45.419551849365234,84.9973373413086,72.81890869140625,14.15999984741211,12.180999755859377
2016-03-14,45.315799713134766,85.05998229980469,72.78237915039062,14.0,12.02299976348877
2016-03-15,44.97288131713867,85.04432678222656,72.72386932373047,13.869999885559082,12.031999588012695
2016-03-16,45.44561004638672,85.49130249023438,73.08921813964844,14.1899995803833,12.291000366210938
2016-03-17,45.86223983764648,85.58540344238281,73.17696380615234,14.380000114440918,12.253000259399414
2016-03-18,45.94236373901367,85.73435974121094,73.27922058105469,14.3100004196167,12.217000007629396
2016-03-21,45.94236373901367,85.49130249023438,73.27188873291016,14.369999885559082,12.128999710083008
2016-03-22,45.86223983764648,85.31092071533203,73.19153594970703,14.399999618530272,12.16800022125244
2016-03-23,45.40554428100586,85.7029800415039,73.18421936035156,14.039999961853027,11.888999938964844
2016-03-24,45.30940628051758,85.6167221069336,73.15499877929688,13.989999771118164,11.862000465393066
2016-03-28,45.46963119506836,85.74214172363281,73.147705078125,13.979999542236328,11.894000053405762
2016-03-29,45.966407775878906,86.3224105834961,73.4181137084961,13.880000114440918,12.107000350952148
2016-03-30,46.246849060058594,86.2048110961914,73.52764129638672,13.770000457763672,11.94499969482422
2016-03-31,46.22279357910156,86.51848602294922,73.56417846679688,13.789999961853027,12.006999969482422
2016-04-01,46.14266586303711,86.49332427978516,73.48379516601562,13.510000228881836,11.92199993133545
2016-04-04,45.95840835571289,86.59539794921875,73.53498840332031,13.289999961853027,11.84000015258789
2016-04-05,45.34945297241211,86.94095611572266,73.45458984375,13.279999732971191,11.996999740600586
2016-04-06,45.878265380859375,86.75247955322266,73.43994140625,13.550000190734863,11.92300033569336
2016-04-07,45.19721984863281,87.20010375976562,73.53498840332031,13.510000228881836,12.100000381469728
2016-04-08,45.621883392333984,87.06661987304688,73.54954528808594,13.949999809265137,12.09000015258789
2016-04-11,45.66995620727539,87.05085754394531,73.50570678710938,14.0600004196167,12.241999626159668
2016-04-12,46.21478271484375,86.70533752441406,73.4472427368164,14.43000030517578,12.248000144958496
2016-04-13,46.84775161743164,86.76821899414062,73.4472427368164,14.390000343322754,12.116000175476074
2016-04-14,46.80768203735352,86.56399536132812,73.344970703125,14.329999923706056,11.940999984741213
2016-04-15,46.74359130859375,86.8231430053711,73.38153076171875,14.210000038146973,12.029000282287598
2016-04-18,47.05606460571289,86.73678588867188,73.31578826904297,14.199999809265137,12.003999710083008
2016-04-19,47.54482269287109,86.59539794921875,73.3888168334961,14.510000228881836,12.182000160217283
2016-04-20,47.56085205078125,86.15565490722656,73.35227966308594,14.829999923706056,12.131999969482422
2016-04-21,47.28843307495117,86.01433563232422,73.33039093017578,14.760000228881836,12.180999755859377
2016-04-22,47.264408111572266,85.92008209228516,73.344970703125,14.68000030517578,12.019000053405762
2016-04-25,47.11216354370117,85.82582092285156,73.30842590332031,14.600000381469728,12.062999725341797
2016-04-26,47.280418395996094,85.64517211914062,73.28652954101562,14.84000015258789,12.111000061035156
2016-04-27,47.33649826049805,86.11642456054688,73.3961181640625,15.050000190734863,12.133000373840332
2016-04-28,46.9759521484375,86.41481018066406,73.54954528808594,15.100000381469728,12.36299991607666
2016-04-29,46.6875,86.38343048095703,73.56417846679688,15.220000267028809,12.60099983215332
2016-05-02,47.01601409912109,86.13250732421875,73.46919250488281,14.970000267028809,12.583000183105469
2016-05-03,46.40706634521485,86.64373779296875,73.52764129638672,14.699999809265137,12.541999816894531
2016-05-04,46.0064697265625,86.80099487304688,73.52037048339844,14.699999809265137,12.475000381469728
2016-05-05,45.99845504760742,87.03693389892578,73.57150268554688,14.670000076293944,12.447999954223633
2016-05-06,46.150672912597656,86.83241271972656,73.54222869873047,14.770000457763672,12.562000274658203
2016-05-09,45.97441101074219,86.99761199951172,73.55685424804688,14.420000076293944,12.303999900817873
2016-05-10,46.639442443847656,86.98186492919922,73.62263488769531,14.800000190734863,12.343000411987305
2016-05-11,46.31093215942383,87.11554718017578,73.61532592773438,15.130000114440918,12.45400047302246
2016-05-12,46.23080062866211,86.87965393066406,73.6080322265625,15.18000030517578,12.355999946594238
2016-05-13,45.78211212158203,87.2099609375,73.64454650878906,15.149999618530272,12.407999992370604
2016-05-16,46.29490280151367,86.89539337158203,73.61532592773438,15.43000030517578,12.42300033569336
2016-05-17,45.91032409667969,86.77742767333984,73.64454650878906,15.579999923706056,12.468999862670898
2016-05-18,45.88627624511719,86.07745361328125,73.4181137084961,15.390000343322754,12.25100040435791
2016-05-19,45.63790130615234,86.1639633178711,73.4326400756836,15.369999885559082,12.222999572753906
2016-05-20,46.02249526977539,86.21898651123047,73.46919250488281,15.390000343322754,12.20199966430664
2016-05-23,45.878265380859375,86.27406311035156,73.4472427368164,15.25,12.17199993133545
2016-05-24,46.54328918457031,86.13250732421875,73.41073608398438,15.31999969482422,11.965999603271484
2016-05-25,46.89582824707031,86.09321594238281,73.46919250488281,15.510000228881836,11.930999755859377
2016-05-26,46.9519157409668,86.3605728149414,73.53498840332031,15.520000457763672,11.88599967956543
2016-05-27,47.024024963378906,86.1954116821289,73.52037048339844,15.579999923706056,11.795000076293944
2016-05-31,46.99197769165039,86.29765319824219,73.49109649658203,15.420000076293944,11.838000297546388
2016-06-01,47.08010482788086,86.26856994628906,73.4472427368164,15.56999969482422,11.821999549865724
2016-06-02,47.19229507446289,86.53631591796875,73.52037048339844,15.619999885559082,11.793999671936035
2016-06-03,47.32848739624024,87.33969116210938,73.75418853759766,15.670000076293944,12.118000030517578
2016-06-06,47.60091018676758,87.11128234863281,73.79070281982422,15.84000015258789,12.133000373840332
2016-06-07,47.897369384765625,87.23729705810547,73.87106323242188,15.970000267028809,12.114999771118164
2016-06-08,48.02556228637695,87.33969116210938,73.9222183227539,16.25,12.293999671936035
2016-06-09,47.713077545166016,87.47359466552734,73.9660415649414,16.149999618530273,12.368000030517578
2016-06-10,46.82371520996094,87.78079223632812,73.9660415649414,15.84000015258789,12.418999671936035
2016-06-13,46.36701965332031,87.95402526855469,73.94412231445312,15.770000457763672,12.506999969482422
2016-06-14,46.03263092041016,87.93038940429688,73.93684387207031,15.699999809265137,12.52299976348877
2016-06-15,46.23455429077149,88.19821166992188,74.06102752685547,15.520000457763672,12.60200023651123
2016-06-16,46.25877380371094,88.29273223876953,73.95143127441406,15.199999809265137,12.479999542236328
2016-06-17,46.34762191772461,87.99343872070312,73.95877075195312,15.65999984741211,12.647000312805176
2016-06-20,46.98574066162109,87.61531066894531,73.90030670166016,15.81999969482422,12.55500030517578
2016-06-21,47.18767166137695,87.41848754882812,73.79070281982422,15.75,12.32699966430664
2016-06-22,47.106895446777344,87.59172821044922,73.87106323242188,15.609999656677246,12.338000297546388
2016-06-23,48.05194854736328,87.17427062988281,73.90030670166016,15.789999961853027,12.24899959564209
2016-06-24,45.49951553344727,88.3793716430664,74.00257873535156,15.300000190734863,12.845999717712402
2016-06-27,44.52215576171875,89.14332580566406,73.99527740478516,15.1899995803833,12.920000076293944
2016-06-28,45.4914436340332,89.12760925292969,74.07565307617188,15.460000038146973,12.782999992370604
2016-06-29,46.31533050537109,88.76529693603516,74.08296966552734,15.6899995803833,12.824999809265137
2016-06-30,46.90496826171875,88.96219635009766,74.17797088623047,15.520000457763672,12.895000457763672
2016-07-01,47.12306594848633,89.19723510742188,74.26558685302734,15.710000038146973,13.095000267028809
2016-07-05,46.48494338989258,89.68624877929688,74.32408905029297,15.15999984741211,13.199999809265137
2016-07-06,46.60609436035156,89.70201873779297,74.33869171142578,15.229999542236328,13.28499984741211
2016-07-07,46.46880340576172,89.58370208740234,74.32408905029297,14.720000267028809,13.234999656677246
2016-07-08,47.211910247802734,89.75724029541016,74.29483032226562,14.850000381469728,13.309000015258787
2016-07-11,47.63999557495117,89.28401184082031,74.19256591796875,14.699999809265137,13.187999725341797
2016-07-12,48.0761833190918,88.75555419921875,74.17063903808594,15.109999656677246,12.972000122070312
2016-07-13,48.05194854736328,88.9842758178711,74.19987487792969,14.850000381469728,13.086000442504885
2016-07-14,48.41542434692383,88.61356353759766,74.17063903808594,14.920000076293944,12.991999626159668
2016-07-15,48.3104248046875,88.27445983886719,74.14871215820312,14.9399995803833,12.925000190734863
2016-07-18,48.42350769042969,88.25077819824219,74.13407135009766,14.829999923706056,12.958999633789062
2016-07-19,48.16504287719727,88.48739624023438,74.09761810302734,14.670000076293944,12.975000381469728
2016-07-20,48.431583404541016,88.30598449707031,74.02449798583984,14.609999656677246,12.791999816894531
2016-07-21,48.2700424194336,88.503173828125,74.06102752685547,14.479999542236328,12.989999771118164
2016-07-22,48.4558219909668,88.43214416503906,74.0172348022461,14.43000030517578,12.890000343322754
2016-07-25,48.3104248046875,88.36119842529297,73.95877075195312,14.25,12.793999671936035
2016-07-26,48.504276275634766,88.41643524169922,73.93684387207031,14.210000038146973,12.854999542236328
2016-07-27,48.52042770385742,88.79503631591797,73.98065185546875,14.010000228881836,13.064000129699709
2016-07-28,48.56888961791992,88.84234619140625,74.00257873535156,13.890000343322754,13.02400016784668
2016-07-29,48.851600646972656,89.18146514892578,74.10486602783203,13.960000038146973,13.16100025177002
2016-08-01,48.66581344604492,88.87184143066406,73.93182373046875,13.670000076293944,13.178999900817873
2016-08-02,48.35888671875,88.65863037109375,73.83645629882812,13.649999618530272,13.29599952697754
2016-08-03,48.46388626098633,88.70597076416016,73.975830078125,13.960000038146973,13.223999977111816
2016-08-04,48.54465866088867,88.9192886352539,74.10045623779297,14.029999732971191,13.255999565124512
2016-08-05,48.92428970336914,88.36637878417969,74.005126953125,14.119999885559082,13.012999534606934
2016-08-08,48.98890686035156,88.3189468383789,73.96842956542969,14.260000228881836,13.003000259399414
2016-08-09,49.182762145996094,88.63490295410156,73.990478515625,14.15999984741211,13.052000045776367
2016-08-10,49.15854644775391,88.87184143066406,73.96842956542969,13.960000038146973,13.109999656677246
2016-08-11,49.52201461791992,88.44534301757812,73.93182373046875,14.300000190734863,13.015000343322754
2016-08-12,49.41701126098633,88.76124572753906,74.01249694824219,14.5,12.99899959564209
2016-08-15,49.651248931884766,88.5006103515625,73.93182373046875,14.75,13.04599952697754
2016-08-16,49.45738983154297,88.35054779052734,73.89513397216797,14.869999885559082,13.111000061035156
2016-08-17,49.44123458862305,88.49275970458984,73.975830078125,14.970000267028809,13.104999542236328
2016-08-18,49.6431770324707,88.65070343017578,74.09314727783203,15.15999984741211,13.17099952697754
2016-08-19,49.46547317504883,88.35054779052734,74.04178619384766,15.149999618530272,13.04800033569336
2016-08-22,49.39278030395508,88.54801940917969,74.07113647460938,14.890000343322754,13.012999534606934
2016-08-23,49.54624938964844,88.54015350341797,74.09314727783203,14.989999771118164,13.031999588012695
2016-08-24,49.279693603515625,88.5085220336914,74.04178619384766,14.800000190734863,12.888999938964844
2016-08-25,49.26354598999024,88.36637878417969,74.02715301513672,14.869999885559082,12.869000434875488
2016-08-26,49.029296875,88.0267562866211,73.85847473144531,14.8100004196167,12.862000465393066
2016-08-29,49.31200408935547,88.3900375366211,73.93914031982422,14.699999809265137,12.87600040435791
2016-08-30,49.21508026123047,88.3821792602539,73.8878173828125,14.579999923706056,12.746999740600586
2016-08-31,49.02122116088867,88.27947998046875,73.85113525390625,14.239999771118164,12.737000465393066
2016-09-01,49.19083786010742,88.41788482666016,73.82904815673828,14.050000190734863,12.779999732971191
2016-09-02,49.63510513305664,88.18856048583984,73.84381103515625,14.170000076293944,12.902000427246094
2016-09-06,49.94203567504883,88.59980010986328,74.0056381225586,14.270000457763672,13.128999710083008
2016-09-07,50.01473236083984,88.64725494384766,74.0571517944336,14.40999984741211,13.093999862670898
2016-09-08,49.80472183227539,88.2122802734375,74.04984283447266,14.729999542236328,13.015000343322754
2016-09-09,48.59311676025391,87.79307556152344,73.88058471679688,14.460000038146973,12.934000015258787
2016-09-12,49.1666145324707,87.87213897705078,73.94679260253906,14.529999732971191,12.916000366210938
2016-09-13,48.24188995361328,87.54788208007812,73.82904815673828,14.260000228881836,12.82900047302246
2016-09-14,48.22564315795898,87.74561309814453,73.8879623413086,14.100000381469728,12.87399959564209
2016-09-15,48.78584671020508,87.76931762695312,74.01301574707031,14.170000076293944,12.79599952697754
2016-09-16,48.38802719116211,87.86425018310547,74.02771759033203,14.199999809265137,12.755000114440918
2016-09-19,48.55852890014648,87.71392059326172,73.99095916748047,14.18000030517578,12.777000427246094
2016-09-20,48.680301666259766,87.84842681884766,74.01301574707031,14.25,12.786999702453612
2016-09-21,49.41099166870117,87.99078369140625,74.06451416015625,14.479999542236328,12.980999946594238
2016-09-22,49.74385452270508,88.25177764892578,74.16756439208984,14.5600004196167,13.010000228881836
2016-09-23,49.37851333618164,88.29132843017578,74.24113464355469,14.31999969482422,13.015000343322754
2016-09-26,48.93198394775391,88.54443359375,74.26319122314453,14.460000038146973,13.005000114440918
2016-09-27,49.24048614501953,88.69474029541016,74.21907043457031,14.25,12.913000106811523
2016-09-28,49.565242767333984,88.65518188476562,74.33680725097656,14.609999656677246,12.876999855041504
2016-09-29,49.06188583374024,88.71052551269531,74.32208251953125,14.760000228881836,12.86299991607666
2016-09-30,49.40288162231445,88.48906707763672,74.39568328857422,14.81999969482422,12.817999839782717
2016-10-03,49.32167816162109,88.2831802368164,74.33680725097656,14.920000076293944,12.784000396728516
2016-10-04,49.12683868408203,87.87921142578125,74.23377990722656,14.9399995803833,12.35200023651123
2016-10-05,49.43535614013672,87.68125915527344,74.21170806884766,15.119999885559082,12.324999809265137
2016-10-06,49.28921127319336,87.49909210205078,74.23377990722656,15.210000038146973,12.199000358581545
2016-10-07,49.10247421264648,87.62579345703125,74.29268646240234,15.09000015258789,12.215999603271484
2016-10-10,49.31356430053711,87.39611053466797,74.2558364868164,15.300000190734863,12.255999565124512
2016-10-11,48.56663513183594,87.37235260009766,74.26319122314453,15.229999542236328,12.199999809265137
2016-10-12,48.631591796875,87.37235260009766,74.2558364868164,15.079999923706056,12.208000183105469
2016-10-13,48.39614868164063,87.55451965332031,74.30001068115234,15.1899995803833,12.244999885559082
2016-10-14,48.428619384765625,87.28522491455078,74.33680725097656,15.18000030517578,12.175999641418455
2016-10-17,48.28248596191406,87.47533416748047,74.3883056640625,15.140000343322754,12.208000183105469
2016-10-18,48.70466232299805,87.64957427978516,74.44717407226562,15.170000076293944,12.286999702453612
2016-10-19,48.91574096679688,87.68917846679688,74.48396301269531,15.3100004196167,12.343000411987305
2016-10-20,48.89139175415039,87.60995483398438,74.43983459472656,15.119999885559082,12.319000244140623
2016-10-21,48.78584671020508,87.70497131347656,74.42510986328125,15.199999809265137,12.324000358581545
2016-10-24,48.94822692871094,87.58625030517578,74.3883056640625,15.1899995803833,12.303000450134276
2016-10-25,48.81832504272461,87.57036590576172,74.3662338256836,15.0600004196167,12.390999794006348
2016-10-26,48.60723876953125,87.38028717041016,74.3662338256836,14.960000038146973,12.322999954223633
2016-10-27,48.51792144775391,87.07933807373047,74.32208251953125,15.079999923706056,12.343999862670898
2016-10-28,48.37179946899414,87.09517669677734,74.38093566894531,14.960000038146973,12.399999618530272
2016-10-31,48.428619384765625,87.16642761230469,74.39568328857422,14.5600004196167,12.434000015258787
2016-11-01,48.13633728027344,87.16962432861328,74.39568328857422,14.59000015258789,12.517999649047852
2016-11-02,47.803470611572266,87.43136596679688,74.39568328857422,14.359999656677246,12.607999801635742
2016-11-03,47.673561096191406,87.37583923339844,74.3294448852539,14.229999542236328,12.67199993133545
2016-11-04,47.42188262939453,87.64546203613281,74.35151672363281,14.109999656677246,12.687999725341797
2016-11-07,48.37179946899414,87.2806396484375,74.3588638305664,14.229999542236328,12.461000442504885
2016-11-08,48.5828742980957,86.97132873535156,74.30001068115234,14.1899995803833,12.40999984741211
2016-11-09,48.680301666259766,85.64686584472656,74.2043228149414,14.3100004196167,12.402999877929688
2016-11-10,48.542274475097656,85.13136291503906,74.18962097167969,14.140000343322754,12.218999862670898
2016-11-11,48.27436447143555,84.9568862915039,74.15284729003906,13.90999984741211,11.9399995803833
2016-11-14,48.25812149047852,84.46513366699219,73.93944549560547,13.899999618530272,11.850000381469728
2016-11-15,48.7127685546875,84.46513366699219,73.97624206542969,14.25,11.9399995803833
2016-11-16,48.45297622680664,84.5444564819336,73.99832153320312,14.130000114440918,11.90999984741211
2016-11-17,48.72089385986328,84.17171478271484,73.96888732910156,14.130000114440918,11.843000411987305
2016-11-18,48.477333068847656,83.79889678955078,73.90264892578125,14.270000457763672,11.74899959564209
2016-11-21,48.92387008666992,83.87034606933594,73.9615249633789,14.729999542236328,11.78600025177002
2016-11-22,49.03752899169922,83.94963073730469,73.99832153320312,14.6899995803833,11.78499984741211
2016-11-23,48.99692535400391,83.64825439453125,73.91734313964844,14.710000038146973,11.548999786376951
2016-11-25,49.17555618286133,83.57693481445312,73.88058471679688,14.56999969482422,11.486000061035156
2016-11-28,48.98068618774414,83.95755767822266,73.8879623413086,14.640000343322754,11.60099983215332
2016-11-29,49.078121185302734,84.0447998046875,73.91001892089844,14.270000457763672,11.55500030517578
2016-11-30,49.00505447387695,83.48170471191406,74.01301574707031,14.920000076293944,11.406000137329102
2016-12-01,48.78584671020508,83.16326141357422,73.98499298095703,15.229999542236328,11.378000259399414
2016-12-02,48.89139175415039,83.53650665283203,74.05872344970703,15.31999969482422,11.432000160217283
2016-12-05,49.24861145019531,83.5047378540039,74.07347106933594,15.359999656677246,11.36299991607666
2016-12-06,49.4921760559082,83.53650665283203,74.08822631835938,15.31999969482422,11.361000061035156
2016-12-07,50.17415618896485,83.81450653076172,74.13980102539062,15.1899995803833,11.399999618530272
2016-12-08,50.31216812133789,83.49683380126953,74.17666625976562,15.3100004196167,11.378999710083008
2016-12-09,50.45832061767578,83.06791687011719,74.11770629882812,15.420000076293944,11.256999969482422
2016-12-12,50.30405807495117,83.08381652832031,74.13980102539062,15.520000457763672,11.29699993133545
2016-12-13,50.709999084472656,83.1314468383789,74.10293579101562,15.59000015258789,11.26099967956543
2016-12-14,50.052371978759766,82.44051361083984,73.85967254638672,15.34000015258789,11.100000381469728
2016-12-15,50.14168930053711,82.21014404296875,73.72699737548828,15.329999923706056,10.951000213623049
2016-12-16,50.09297561645508,82.3133773803711,73.71959686279297,15.470000267028809,11.012999534606934
2016-12-19,50.13356399536133,82.69464874267578,73.78593444824219,15.380000114440918,11.072999954223633
2016-12-20,50.327415466308594,82.51991271972656,73.8891830444336,15.420000076293944,10.994000434875488
2016-12-21,50.24562454223633,82.65493774414062,73.9039535522461,15.359999656677246,10.996999740600586
2016-12-22,50.049312591552734,82.61908721923828,73.98499298095703,15.359999656677246,10.968000411987305
2016-12-23,50.131103515625,82.69868469238281,73.99974060058594,15.399999618530272,11.003000259399414
2016-12-27,50.2292594909668,82.57930755615234,74.01448822021484,15.619999885559082,11.071000099182127
2016-12-28,49.93481063842773,82.88164520263672,74.11770629882812,15.670000076293944,11.098999977111816
2016-12-29,49.99206161499024,83.13619995117188,74.13243865966797,15.6899995803833,11.241000175476074
2016-12-30,49.8939208984375,83.38280487060547,74.25041198730469,15.670000076293944,11.175999641418455
2017-01-03,50.3028678894043,83.343017578125,74.23564147949219,15.420000076293944,11.26099967956543
2017-01-04,50.76091766357422,83.43851470947266,74.28727722167969,15.539999961853027,11.30500030517578
2017-01-05,50.92451095581055,83.97942352294922,74.36099243164062,15.640000343322754,11.47700023651123
2017-01-06,50.93269348144531,83.59757232666016,74.26512908935547,15.579999923706056,11.39900016784668
2017-01-09,50.79363632202149,83.9157943725586,74.28727722167969,15.3100004196167,11.48799991607666
2017-01-10,50.842716217041016,83.8759765625,74.29460144042969,15.199999809265137,11.534000396728516
2017-01-11,51.12079620361328,83.97145080566406,74.33882904052734,15.399999618530272,11.576000213623049
2017-01-12,51.02266693115234,84.01919555664062,74.4273452758789,15.640000343322754,11.621999740600586
2017-01-13,51.194427490234375,83.83625793457031,74.375732421875,15.609999656677246,11.642000198364258
2017-01-17,51.03901672363281,84.2578353881836,74.49369049072266,15.619999885559082,11.810999870300291
2017-01-18,50.98176574707031,83.66120910644531,74.33882904052734,15.40999984741211,11.711000442504885
2017-01-19,50.85906982421875,83.343017578125,74.33882904052734,15.380000114440918,11.711000442504885
2017-01-20,51.03083801269531,83.38280487060547,74.4273452758789,15.5600004196167,11.732999801635742
2017-01-23,51.03083801269531,83.82030487060547,74.49369049072266,15.5600004196167,11.807000160217283
2017-01-24,51.38254928588867,83.50209045410156,74.44940185546875,15.56999969482422,11.74899959564209
2017-01-25,51.84059143066406,83.08844757080078,74.39046478271484,15.529999732971191,11.659000396728516
2017-01-26,51.73426055908203,83.1998291015625,74.4346923828125,15.609999656677246,11.55500030517578
2017-01-27,51.6688232421875,83.30326080322266,74.52318572998047,15.479999542236328,11.574000358581545
2017-01-30,51.30075454711914,83.27935791015625,74.54528045654297,15.34000015258789,11.623000144958496
2017-01-31,51.390716552734375,83.56572723388672,74.61897277832031,15.43000030517578,11.774999618530272
2017-02-01,51.46434020996094,83.4056396484375,74.61897277832031,15.619999885559082,11.748000144958496
2017-02-02,51.562496185302734,83.43743896484375,74.62633514404297,15.619999885559082,11.812999725341797
2017-02-03,51.82423782348633,83.50121307373047,74.64112854003906,15.609999656677246,11.84000015258789
2017-02-06,51.644290924072266,83.89955139160156,74.6780014038086,15.460000038146973,11.996999740600586
2017-02-07,51.61156463623047,84.0509262084961,74.61897277832031,15.350000381469728,11.97700023651123
2017-02-08,51.67700958251953,84.39349365234375,74.59688568115234,15.4399995803833,12.050999641418455
2017-02-09,51.93874740600586,83.8916015625,74.54528045654297,15.510000228881836,11.960000038146973
2017-02-10,52.20048522949219,83.83582305908203,74.55265045166016,15.670000076293944,11.979999542236328
2017-02-13,52.46222305297852,83.70830535888672,74.47157287597656,15.470000267028809,11.91100025177002
2017-02-14,52.56854248046875,83.4056396484375,74.38308715820312,15.529999732971191,11.928000450134276
2017-02-15,52.871185302734375,83.24630737304688,74.4346923828125,15.529999732971191,11.977999687194824
2017-02-16,52.88753890991211,83.58090209960938,74.54528045654297,15.5,12.041999816894531
2017-02-17,52.86299896240234,83.8039321899414,74.58949279785156,15.449999809265137,12.003000259399414
2017-02-21,53.14111709594727,83.76409149169922,74.6042709350586,15.529999732971191,12.008999824523926
2017-02-22,53.1329345703125,83.89955139160156,74.6632308959961,15.399999618530272,12.029999732971191
2017-02-23,53.1329345703125,84.12266540527344,74.72219848632812,15.470000267028809,12.130999565124512
2017-02-24,53.01840591430664,84.51300811767578,74.81068420410156,15.420000076293944,12.206000328063965
2017-02-27,52.97750473022461,84.21029663085938,74.6780014038086,15.399999618530272,12.156000137329102
2017-02-28,52.77303314208984,84.17039489746094,74.6632308959961,15.449999809265137,12.15999984741211
2017-03-01,53.41919708251953,83.58406829833984,74.52318572998047,15.479999542236328,12.140999794006348
2017-03-02,53.02660369873047,83.34473419189453,74.40524291992188,15.210000038146973,11.99899959564209
2017-03-03,53.222900390625,83.42451477050781,74.58949279785156,15.289999961853027,11.989999771118164
2017-03-06,53.0756721496582,83.4085464477539,74.54528045654297,15.3100004196167,11.91100025177002
2017-03-07,52.903900146484375,83.28890991210938,74.54528045654297,15.229999542236328,11.810999870300291
2017-03-08,52.74849319458008,83.00965118408203,74.4273452758789,14.8100004196167,11.739999771118164
2017-03-09,52.77303314208984,82.77830505371094,74.33150482177734,14.68000030517578,11.675000190734863
2017-03-10,53.06748962402344,82.95378875732422,74.33150482177734,14.510000228881836,11.697999954223633
2017-03-13,53.27195358276367,82.74639129638672,74.27986907958984,14.479999542236328,11.697999954223633
2017-03-14,52.98569107055664,82.83416748046875,74.23564147949219,14.420000076293944,11.644000053405762
2017-03-15,53.631866455078125,83.56018829345703,74.54528045654297,14.59000015258789,11.850000381469728
2017-03-16,53.71365737915039,83.32878112792969,74.49369049072266,14.600000381469728,11.909000396728516
2017-03-17,53.73002624511719,83.55211639404297,74.56739807128906,14.59000015258789,11.9399995803833
2017-03-20,53.656394958496094,83.75160217285156,74.59688568115234,14.550000190734863,11.989999771118164
2017-03-21,53.12475204467773,84.03080749511719,74.61897277832031,14.449999809265137,12.09000015258789
2017-03-22,53.20655059814453,84.19038391113281,74.6484603881836,14.449999809265137,12.119000434875488
2017-03-23,53.173824310302734,84.1026382446289,74.64112854003906,14.390000343322754,12.111000061035156
2017-03-24,53.27195358276367,84.1504898071289,74.6558609008789,14.43000030517578,12.118000030517578
2017-03-27,53.32923126220703,84.35791015625,74.70014953613281,14.390000343322754,12.187999725341797
2017-03-28,53.631866455078125,84.0707015991211,74.6484603881836,14.489999771118164,12.144000053405762
2017-03-29,53.708229064941406,84.31007385253906,74.74432373046875,14.649999618530272,12.168999671936035
2017-03-30,53.68359375,84.0707015991211,74.70014953613281,14.729999542236328,12.085000038146973
2017-03-31,53.55221939086914,84.23825073242188,74.78856658935547,14.81999969482422,12.109000205993652
2017-04-03,53.50294876098633,84.65294647216797,74.8601303100586,14.670000076293944,12.166999816894531
2017-04-04,53.53579711914063,84.53307342529297,74.81584930419922,14.84000015258789,12.196000099182127
2017-04-05,53.33051681518555,84.69287109375,74.8896484375,14.829999923706056,12.197999954223633
2017-04-06,53.412635803222656,84.63692474365234,74.84540557861328,14.960000038146973,12.154999732971191
2017-04-07,53.34693908691406,84.38127899169922,74.7420425415039,15.020000457763672,12.178999900817873
2017-04-10,53.3715705871582,84.53307342529297,74.7420425415039,15.149999618530272,12.182000160217283
2017-04-11,53.420841217041016,84.92459869384766,74.80848693847656,15.18000030517578,12.355999946594238
2017-04-12,53.29767608642578,85.18827819824219,74.89701843261719,15.119999885559082,12.4399995803833
2017-04-13,52.961029052734375,85.44390869140625,74.93392944335938,15.170000076293944,12.50100040435791
2017-04-17,53.412635803222656,85.30807495117188,74.77898406982422,15.100000381469728,12.458999633789062
2017-04-18,53.1252326965332,85.79545593261719,74.79370880126953,15.020000457763672,12.527999877929688
2017-04-19,53.01849365234375,85.57176208496094,74.72730255126953,14.710000038146973,12.416000366210938
2017-04-20,53.46189498901367,85.37995910644531,74.72730255126953,14.649999618530272,12.442999839782717
2017-04-21,53.379791259765625,85.41996002197266,74.7420425415039,14.460000038146973,12.47599983215332
2017-04-24,54.21731185913086,85.24417114257812,74.73467254638672,14.390000343322754,12.394000053405762
2017-04-25,54.54575729370117,84.80473327636719,74.71990966796875,14.520000457763672,12.269000053405762
2017-04-26,54.51291275024414,85.02851867675781,74.72730255126953,14.420000076293944,12.33199977874756
2017-04-27,54.53754806518555,85.08436584472656,74.69039154052734,14.420000076293944,12.272000312805176
2017-04-28,54.42259216308594,85.17227935791016,74.72730255126953,14.43000030517578,12.312999725341797
2017-05-01,54.53754806518555,84.98819732666016,74.65409851074219,14.460000038146973,12.20199966430664
2017-05-02,54.751014709472656,85.16427612304688,74.63196563720703,14.300000190734863,12.20199966430664
2017-05-03,54.56217956542969,84.98819732666016,74.55066680908203,14.300000190734863,12.032999992370604
2017-05-04,54.68534469604492,84.79620361328125,74.41757202148438,13.899999618530272,11.918999671936035
2017-05-05,55.0794563293457,84.81217956542969,74.46190643310547,14.039999961853027,11.934000015258787
2017-05-08,54.88238143920898,84.60419464111328,74.41757202148438,14.029999732971191,11.90999984741211
2017-05-09,54.9234619140625,84.50810241699219,74.3584213256836,13.90999984741211,11.84000015258789
2017-05-10,55.02198791503906,84.47610473632812,74.41015625,14.18000030517578,11.835000038146973
2017-05-11,54.93986892700195,84.54010772705078,74.52104949951172,14.25,11.880000114440918
2017-05-12,54.90703582763672,84.97225189208984,74.52104949951172,14.31999969482422,11.913999557495115
2017-05-15,55.27651596069336,84.91619110107422,74.49888610839844,14.43000030517578,11.949000358581545
2017-05-16,55.383277893066406,85.02830505371094,74.49888610839844,14.380000114440918,11.99899959564209
2017-05-17,54.52933120727539,85.70840454101562,74.60977935791016,14.449999809265137,12.217000007629396
2017-05-18,54.56217956542969,85.68443298339844,74.58756256103516,14.449999809265137,12.119999885559082
2017-05-19,55.11229705810547,85.660400390625,74.6615219116211,14.729999542236328,12.178999900817873
2017-05-22,55.33399963378906,85.5643539428711,74.62454223632812,14.81999969482422,12.230999946594238
2017-05-23,55.32579040527344,85.34032440185547,74.60236358642578,14.800000190734863,12.152999877929688
2017-05-24,55.43253326416016,85.5163803100586,74.63932800292969,14.75,12.201000213623049
2017-05-25,55.621376037597656,85.5643539428711,74.59497833251953,14.359999656677246,12.1899995803833
2017-05-26,55.56393051147461,85.62041473388672,74.63932800292969,14.510000228881836,12.29800033569336
2017-05-30,55.50644302368164,85.83642578125,74.6836929321289,14.390000343322754,12.251999855041504
2017-05-31,55.4818115234375,85.87649536132812,74.66888427734375,14.260000228881836,12.30500030517578
2017-06-01,55.8923454284668,85.8315200805664,74.68151092529297,14.1899995803833,12.310999870300291
2017-06-02,56.2290153503418,86.20818328857422,74.72591400146484,14.119999885559082,12.401000022888184
2017-06-05,56.10585784912109,86.06392669677734,74.66664123535156,14.020000457763672,12.420000076293944
2017-06-06,55.9826545715332,86.33644104003906,74.71109771728516,14.119999885559082,12.553999900817873
2017-06-07,55.9826545715332,86.17616271972656,74.63706970214844,13.850000381469728,12.487000465393066
2017-06-08,55.96625518798828,86.03993225097656,74.62226867675781,13.829999923706056,12.406999588012695
2017-06-09,55.86771011352539,85.95979309082031,74.59262084960938,13.869999885559082,12.29800033569336
2017-06-12,55.78561401367188,85.94377899169922,74.54080963134766,13.789999961853027,12.279999732971191
2017-06-13,56.14689254760742,85.975830078125,74.54080963134766,13.869999885559082,12.289999961853027
2017-06-14,56.00733184814453,86.4245834350586,74.32608795166016,13.56999969482422,12.222999572753906
2017-06-15,55.662445068359375,86.2723159790039,74.2298355102539,13.579999923706056,12.17199993133545
2017-06-16,55.90877532958984,86.3204116821289,74.31124877929688,13.670000076293944,12.166000366210938
2017-06-19,56.26184844970703,86.08003997802734,74.22241973876953,13.5600004196167,12.07900047302246
2017-06-20,55.769187927246094,86.29642486572266,74.21499633789062,13.40999984741211,12.0600004196167
2017-06-21,55.769187927246094,86.28839111328125,74.2076416015625,13.1899995803833,12.092000007629396
2017-06-22,55.7938232421875,86.3685302734375,74.32608795166016,13.210000038146973,12.128000259399414
2017-06-23,55.8923454284668,86.392578125,74.36309051513672,13.289999961853027,12.18299961090088
2017-06-26,56.06479644775391,86.46468353271484,74.41494750976562,13.359999656677246,12.072999954223633
2017-06-27,55.769187927246094,86.03993225097656,74.37051391601562,13.5,12.125
2017-06-28,56.23714447021485,85.95979309082031,74.47417449951172,13.619999885559082,12.130999565124512
2017-06-29,55.69973373413086,85.63922119140625,74.38533020019531,13.699999809265137,12.06999969482422
2017-06-30,55.83202362060547,85.4388656616211,74.32608795166016,14.020000457763672,12.04300022125244
2017-07-03,55.92296600341797,85.12505340576172,74.332763671875,14.140000343322754,11.835000038146973
2017-07-05,55.92296600341797,85.18927001953125,74.3178939819336,13.869999885559082,11.885000228881836
2017-07-06,55.45172119140625,85.02871704101562,74.29566192626953,13.899999618530272,11.881999969482422
2017-07-07,55.69973373413086,84.89228820800781,74.21405029296875,13.720000267028809,11.76099967956543
2017-07-10,55.82376480102539,85.0046615600586,74.1992416381836,13.779999732971191,11.776000022888184
2017-07-11,55.87336349487305,85.11702728271484,74.26600646972656,13.9399995803833,11.79800033569336
2017-07-12,56.36115646362305,85.36583709716797,74.36986541748047,13.890000343322754,11.838000297546388
2017-07-13,56.52652359008789,85.27752685546875,74.35504150390625,13.920000076293944,11.81700038909912
2017-07-14,56.8654899597168,85.39794921875,74.332763671875,14.06999969482422,11.913000106811523
2017-07-17,56.82415390014648,85.50230407714844,74.36986541748047,14.0,11.961999893188477
2017-07-18,56.87377166748047,85.81529998779297,74.42919158935547,14.050000190734863,12.041999816894531
2017-07-19,57.17966842651367,85.81529998779297,74.45887756347656,14.229999542236328,12.038000106811523
2017-07-20,57.27887725830078,85.83943176269531,74.41436767578125,14.170000076293944,12.0600004196167
2017-07-21,57.17966842651367,85.99187469482422,74.42919158935547,13.9399995803833,12.163000106811523
2017-07-24,57.17966842651367,85.93571472167969,74.42179870605469,13.960000038146973,12.166999816894531
2017-07-25,57.29541778564453,85.4541244506836,74.3624496459961,14.15999984741211,12.131999969482422
2017-07-26,57.46902847290039,85.72698211669922,74.51820373535156,14.34000015258789,12.227999687194824
2017-07-27,57.328460693359375,85.59052276611328,74.53303527832031,14.420000076293944,12.217000007629396
2017-07-28,57.30366897583008,85.73502349853516,74.5701904296875,14.520000457763672,12.305999755859377
2017-07-31,57.31194686889648,85.75911712646484,74.53303527832031,14.609999656677246,12.31700038909912
2017-08-01,57.55998992919922,85.97216796875,74.57832336425781,14.40999984741211,12.30500030517578
2017-08-02,57.510372161865234,85.89173889160156,74.54861450195312,14.510000228881836,12.277999877929688
2017-08-03,57.43596267700195,86.18915557861328,74.57093048095703,14.369999885559082,12.303000450134276
2017-08-04,57.543434143066406,85.95606231689453,74.58577728271484,14.4399995803833,12.20699977874756
2017-08-07,57.68397903442383,86.00431060791016,74.6229248046875,14.43000030517578,12.1899995803833
2017-08-08,57.50210571289063,85.93196868896484,74.66748809814453,14.40999984741211,12.229999542236328
2017-08-09,57.36983489990234,86.03644561767578,74.71202087402344,14.489999771118164,12.376999855041504
2017-08-10,56.49346160888672,86.35796356201172,74.72689819335938,14.260000228881836,12.46399974822998
2017-08-11,56.51824951171875,86.4544677734375,74.71949768066406,14.350000381469728,12.522000312805176
2017-08-14,57.03913116455078,86.24542999267578,74.57093048095703,14.119999885559082,12.428000450134276
2017-08-15,56.98125076293945,85.98821258544922,74.47435760498047,14.119999885559082,12.340999603271484
2017-08-16,57.2623291015625,86.14900970458984,74.56349182128906,14.020000457763672,12.430999755859377
2017-08-17,56.45211791992188,86.4544677734375,74.59322357177734,14.0,12.491000175476074
2017-08-18,56.51824951171875,86.47048950195312,74.60064697265625,14.289999961853027,12.472999572753906
2017-08-21,56.567848205566406,86.52680206298828,74.60064697265625,14.079999923706056,12.473999977111816
2017-08-22,57.0225944519043,86.35796356201172,74.54861450195312,14.130000114440918,12.461000442504885
2017-08-23,56.95644760131836,86.6554183959961,74.65264892578125,14.220000267028809,12.510000228881836
2017-08-24,56.8654899597168,86.51876068115234,74.57832336425781,14.210000038146973,12.529000282287598
2017-08-25,57.08872985839844,86.66344451904297,74.57832336425781,14.1899995803833,12.503000259399414
2017-08-28,57.08045959472656,86.74382781982422,74.64522552490234,14.15999984741211,12.717000007629396
2017-08-29,57.030860900878906,86.94480895996094,74.69718933105469,14.130000114440918,12.689000129699709
2017-08-30,57.196197509765625,86.87245178222656,74.66008758544922,14.039999961853027,12.682000160217283
2017-08-31,57.55172348022461,87.00912475585938,74.71202087402344,14.460000038146973,12.890000343322754
2017-09-01,57.725341796875,86.7531509399414,74.73660278320312,14.479999542236328,12.925000190734863
2017-09-05,57.33674621582031,87.35685729980469,74.89277648925781,14.5600004196167,12.982000350952148
2017-09-06,57.55172348022461,87.1475830078125,74.78121185302734,14.720000267028809,12.932000160217283
2017-09-07,57.77493667602539,87.52590942382812,74.97457885742188,14.699999809265137,13.07900047302246
2017-09-08,57.70880126953125,87.46154022216797,74.9671859741211,14.489999771118164,13.053999900817873
2017-09-11,58.26273727416992,86.96240234375,74.87789154052734,14.510000228881836,12.871000289916992
2017-09-12,58.41981887817383,86.7531509399414,74.87789154052734,14.5600004196167,12.906000137329102
2017-09-13,58.27099990844727,86.57597351074219,74.85559844970703,14.710000038146973,12.812000274658203
2017-09-14,58.28752899169922,86.59207153320312,74.88533020019531,14.710000038146973,12.86299991607666
2017-09-15,58.39501953125,86.69674682617188,74.86305236816406,14.779999732971191,12.80500030517578
2017-09-18,58.59344100952149,86.3586196899414,74.86305236816406,14.779999732971191,12.684000015258787
2017-09-19,58.68438720703125,86.26202392578125,74.8406753540039,14.720000267028809,12.70699977874756
2017-09-20,58.68438720703125,86.0929183959961,74.71426391601562,14.90999984741211,12.607999801635742
2017-09-21,58.527286529541016,85.98026275634766,74.68451690673828,14.869999885559082,12.512999534606934
2017-09-22,58.568641662597656,86.1331558227539,74.75148010253906,14.899999618530272,12.569000244140623
2017-09-25,58.31232452392578,86.39085388183594,74.8406753540039,15.119999885559082,12.70199966430664
2017-09-26,58.25447845458984,86.318359375,74.79607391357422,15.010000228881836,12.562000274658203
2017-09-27,58.3658332824707,85.8755874633789,74.78121185302734,15.029999732971191,12.442999839782717
2017-09-28,58.44060134887695,85.85948944091797,74.76634216308594,14.989999771118164,12.46399974822998
2017-09-29,58.764686584472656,85.75480651855469,74.65480041503906,14.899999618530272,12.399999618530272
2017-10-02,58.89762115478516,85.65723419189453,74.6160659790039,14.729999542236328,12.3149995803833
2017-10-03,59.15522384643555,85.7781982421875,74.67560577392578,14.729999542236328,12.326000213623049
2017-10-04,59.18014526367188,85.7540054321289,74.70536041259766,14.6899995803833,12.359999656677246
2017-10-05,59.35466384887695,85.66532897949219,74.70536041259766,14.899999618530272,12.33899974822998
2017-10-06,59.27984619140625,85.56053161621094,74.69792175292969,14.630000114440918,12.35099983215332
2017-10-09,59.19676971435547,85.65723419189453,74.69048309326172,14.640000343322754,12.449999809265137
2017-10-10,59.52082061767578,85.68953704833984,74.75000762939453,14.880000114440918,12.449999809265137
2017-10-11,59.6870346069336,85.7862777709961,74.77235412597656,14.93000030517578,12.531999588012695
2017-10-12,59.65376281738281,85.86688232421875,74.79466247558594,14.859999656677246,12.531999588012695
2017-10-13,59.819969177246094,86.15715026855469,74.76490783691406,15.020000457763672,12.633000373840332
2017-10-16,59.84490585327149,86.01201629638672,74.66819763183594,15.100000381469728,12.545000076293944
2017-10-17,59.819969177246094,85.97978210449219,74.60865783691406,15.079999923706056,12.550000190734863
2017-10-18,59.86151885986328,85.76210021972656,74.60118865966797,15.0600004196167,12.41100025177002
2017-10-19,59.78671646118164,85.85079956054688,74.62354278564453,14.93000030517578,12.399999618530272
2017-10-20,59.92799758911133,85.49601745605469,74.64588165283203,15.010000228881836,12.406000137329102
2017-10-23,59.69532775878906,85.57666778564453,74.67560577392578,15.020000457763672,12.432000160217283
2017-10-24,59.79503631591797,85.31864166259766,74.6384048461914,15.18000030517578,12.371000289916992
2017-10-25,59.5540657043457,85.18156433105469,74.65327453613281,15.140000343322754,12.380999565124512
2017-10-26,59.57069396972656,85.06868743896484,74.63096618652344,15.239999771118164,12.321000099182127
2017-10-27,59.88644409179688,85.34281158447266,74.7574691772461,15.390000343322754,12.33199977874756
2017-10-30,59.81167602539063,85.64920806884766,74.80950927734375,15.43000030517578,12.354999542236328
2017-10-31,60.00278472900391,85.59274291992188,74.82440948486328,15.479999542236328,12.399999618530272
2017-11-01,60.1357536315918,85.6444320678711,74.83409881591797,15.479999542236328,12.355999946594238
2017-11-02,60.20220565795898,85.75753021240234,74.86390686035156,15.550000190734863,12.36400032043457
2017-11-03,60.252071380615234,85.894775390625,74.85645294189453,15.710000038146973,12.309000015258787
2017-11-06,60.409950256347656,85.99978637695312,74.91607666015625,16.040000915527344,12.406000137329102
2017-11-07,60.285301208496094,86.0320816040039,74.96076965332031,15.93000030517578,12.449999809265137
2017-11-08,60.418235778808594,85.9271011352539,74.93095397949219,15.869999885559082,12.406000137329102
2017-11-09,60.08587265014648,85.894775390625,74.93839263916016,15.899999618530272,12.428000450134276
2017-11-10,60.03603363037109,85.45873260498047,74.86390686035156,15.859999656677246,12.359000205993652
2017-11-13,59.94460678100586,85.41836547851562,74.84154510498047,15.800000190734863,12.375
2017-11-14,59.85321807861328,85.53948211669922,74.83409881591797,15.550000190734863,12.399999618530272
2017-11-15,59.50420379638672,85.8463134765625,74.90858459472656,15.550000190734863,12.383000373840332
2017-11-16,60.07757186889648,85.62828063964844,74.84154510498047,15.489999771118164,12.4350004196167
2017-11-17,59.99448394775391,85.7413330078125,74.86390686035156,15.729999542236328,12.473999977111816
2017-11-20,60.08587265014648,85.60407257080078,74.76708984375,15.630000114440918,12.371999740600586
2017-11-21,60.55952453613281,85.62017822265625,74.72238159179688,15.720000267028809,12.392000198364258
2017-11-22,60.64262008666992,85.894775390625,74.83409881591797,15.859999656677246,12.508999824523926
2017-11-24,60.86697769165039,85.82210540771484,74.84154510498047,15.93000030517578,12.47700023651123
2017-11-27,60.626007080078125,85.87861633300781,74.83409881591797,15.869999885559082,12.531000137329102
2017-11-28,61.09133529663086,85.894775390625,74.7968521118164,15.859999656677246,12.52400016784668
2017-11-29,60.90019989013672,85.62017822265625,74.72981262207031,15.760000228881836,12.447999954223633
2017-11-30,61.14119720458984,85.35372161865234,74.70001983642578,15.68000030517578,12.392999649047852
2017-12-01,61.008262634277344,85.66918182373047,74.76134490966797,15.869999885559082,12.399999618530272
2017-12-04,60.90019989013672,85.62870788574219,74.70899963378906,15.649999618530272,12.359999656677246
2017-12-05,60.7090950012207,85.69342041015625,74.69401550292969,15.649999618530272,12.270000457763672
2017-12-06,60.517974853515625,85.87130737304688,74.70899963378906,15.329999923706056,12.350000381469728
2017-12-07,60.7090950012207,85.71765899658203,74.71647644042969,15.399999618530272,12.097999572753906
2017-12-08,61.066383361816406,85.65299987792969,74.72396850585938,15.539999961853027,12.083999633789062
2017-12-11,61.21597290039063,85.59632110595703,74.71647644042969,15.609999656677246,12.034000396728516
2017-12-12,61.23257827758789,85.52356719970703,74.73892974853516,15.489999771118164,12.048999786376951
2017-12-13,61.36555862426758,85.87130737304688,74.74639892578125,15.399999618530272,12.154999732971191
2017-12-14,61.0996208190918,85.83894348144531,74.70899963378906,15.5,12.133000373840332
2017-12-15,61.38216400146485,85.82281494140625,74.62670135498047,15.529999732971191,12.159000396728516
2017-12-18,61.95553588867188,85.62870788574219,74.62670135498047,15.56999969482422,12.21399974822998
2017-12-19,61.739707946777344,85.24053955078125,74.62670135498047,15.630000114440918,12.220999717712402
2017-12-20,61.69789123535156,84.98978424072266,74.6191635131836,15.75,12.25100040435791
2017-12-21,61.8735580444336,85.04975128173828,74.62593841552734,15.800000190734863,12.199999809265137
2017-12-22,61.98227691650391,85.0821762084961,74.61844635009766,15.850000381469728,12.333000183105469
2017-12-26,61.99063873291016,85.11459350585938,74.63346099853516,16.1299991607666,12.420000076293944
2017-12-27,62.03246688842773,85.47907257080078,74.72332000732422,16.170000076293945,12.468999862670898
2017-12-28,62.21648788452149,85.37377166748047,74.70832824707031,16.270000457763672,12.501999855041504
2017-12-29,62.11613082885742,85.51145935058594,74.79820251464844,16.280000686645508,12.61299991607666
2018-01-02,62.659854888916016,85.2279052734375,74.81316375732422,16.3700008392334,12.76099967956543
2018-01-03,63.08641815185547,85.31702423095703,74.79071807861328,16.540000915527344,12.729000091552734
2018-01-04,63.46281814575195,85.27650451660156,74.8056869506836,16.540000915527344,12.793999671936035
2018-01-05,63.83088302612305,85.17125701904297,74.82070922851562,16.399999618530273,12.779000282287598
2018-01-08,63.897796630859375,85.1307373046875,74.81316375732422,16.43000030517578,12.777999877929688
2018-01-09,64.00651550292969,84.72575378417969,74.79071807861328,16.579999923706055,12.770000457763672
2018-01-10,63.79741287231445,84.70146942138672,74.79820251464844,16.639999389648438,12.753999710083008
2018-01-11,64.26583862304688,84.75817108154297,74.76077270507812,16.68000030517578,12.788000106811523
2018-01-12,64.77606964111328,84.70146942138672,74.79071807861328,16.799999237060547,12.951000213623049
2018-01-16,64.62549591064453,84.74195861816406,74.79820251464844,16.709999084472656,12.968000411987305
2018-01-17,65.13577270507812,84.55563354492188,74.75326538085938,16.760000228881836,12.866999626159668
2018-01-18,65.00192260742188,84.28833770751953,74.8056869506836,16.729999542236328,12.890000343322754
2018-01-19,65.34485626220703,84.06968688964844,74.74581146240234,16.700000762939453,12.895999908447266
2018-01-22,65.82168579101562,84.03726196289062,74.73079681396484,16.770000457763672,12.920000076293944
2018-01-23,66.00569152832031,84.28026580810547,74.79820251464844,16.90999984741211,12.961000442504885
2018-01-24,66.11444091796875,84.11824798583984,74.79071807861328,17.1200008392334,13.140000343322754
2018-01-25,66.01405334472656,84.30455017089844,74.82816314697266,16.989999771118164,13.050000190734863
2018-01-26,66.69160461425781,84.0534439086914,74.78321838378906,17.15999984741211,13.060999870300291
2018-01-29,66.13954162597656,83.8428955078125,74.72332000732422,17.040000915527344,12.987000465393066
2018-01-30,65.46198272705078,83.64844512939453,74.66340637207031,16.8799991607666,13.065999984741213
2018-01-31,65.52054595947266,83.67278289794922,74.61095428466797,16.889999389648438,12.970000267028809
2018-02-01,65.47035217285156,83.24113464355469,74.58097839355469,17.100000381469727,13.043999671936035
2018-02-02,64.03997039794922,82.93284606933594,74.60344696044922,16.8700008392334,12.895000457763672
2018-02-05,61.58079147338867,83.61436462402344,74.67838287353516,17.040000915527344,12.932000160217283
2018-02-06,62.86896514892578,83.249267578125,74.56603240966797,16.559999465942383,12.795000076293944
2018-02-07,62.0659408569336,83.00585174560547,74.56603240966797,16.25,12.729000091552734
2018-02-08,60.1002197265625,83.07889556884766,74.5435562133789,16.06999969482422,12.751999855041504
2018-02-09,60.73594665527344,82.93284606933594,74.49864959716797,15.800000190734863,12.72599983215332
2018-02-12,61.63931655883789,82.90847778320312,74.4836196899414,15.880000114440918,12.789999961853027
2018-02-13,61.6811637878418,83.04644775390625,74.49114227294922,15.90999984741211,12.861000061035156
2018-02-14,62.659854888916016,82.54341888427734,74.51356506347656,16.170000076293945,13.085000038146973
2018-02-15,63.35407638549805,82.56771850585938,74.49864959716797,16.280000686645508,13.097999572753906
2018-02-16,63.40427780151367,82.76246643066406,74.57349395751953,16.309999465942383,13.053000450134276
2018-02-20,62.9275016784668,82.67324829101562,74.52111053466797,16.309999465942383,12.878000259399414
2018-02-21,62.69328689575195,82.4298324584961,74.51356506347656,16.270000457763672,12.869999885559082
2018-02-22,62.80202102661133,82.54341888427734,74.5435562133789,16.469999313354492,12.829999923706056
2018-02-23,63.64684677124024,82.85982513427734,74.65592193603516,16.6299991607666,12.86400032043457
2018-02-26,64.24073791503906,82.95716094970703,74.7158203125,16.709999084472656,12.850000381469728
2018-02-27,63.34572982788086,82.69755554199219,74.62593841552734,16.530000686645508,12.758999824523926
2018-02-28,62.60963821411133,82.8922348022461,74.5959701538086,16.270000457763672,12.75
2018-03-01,61.865196228027344,83.24897766113281,74.7158203125,16.309999465942383,12.723999977111816
2018-03-02,62.15793228149414,82.94021606445312,74.73832702636719,16.290000915527344,12.803000450134276
2018-03-05,62.659854888916016,82.83458709716797,74.78321838378906,16.479999542236328,12.760000228881836
2018-03-06,63.02787399291992,82.8264389038086,74.76826477050781,16.450000762939453,12.954999923706056
2018-03-07,62.95259475708008,82.8264389038086,74.79820251464844,16.260000228881836,12.821999549865724
2018-03-08,63.19517135620117,82.99710083007812,74.78321838378906,16.1299991607666,12.79300022125244
2018-03-09,63.98983383178711,82.81830596923828,74.75326538085938,16.34000015258789,12.80500030517578
2018-03-12,64.05673217773438,83.01337432861328,74.74581146240234,16.219999313354492,12.80500030517578
2018-03-13,63.61338424682617,83.15150451660156,74.79071807861328,16.18000030517578,12.82800006866455
2018-03-14,63.54647445678711,83.31400299072266,74.82070922851562,16.200000762939453,12.880000114440918
2018-03-15,63.446102142333984,83.28146362304688,74.81316375732422,16.229999542236328,12.736000061035156
2018-03-16,63.45446395874024,83.1839828491211,74.79071807861328,16.34000015258789,12.649999618530272
2018-03-19,62.785282135009766,83.10271453857422,74.76077270507812,16.229999542236328,12.739999771118164
2018-03-20,62.93585968017578,82.94021606445312,74.70079040527344,16.389999389648438,12.678999900817873
2018-03-21,62.98606491088867,82.99710083007812,74.8056869506836,16.719999313354492,12.902000427246094
2018-03-22,61.51385116577149,83.33837890625,74.85810089111328,16.520000457763672,12.85099983215332
2018-03-23,60.47663879394531,83.45214080810547,74.94796752929688,16.719999313354492,13.017999649047852
2018-03-26,61.90118789672852,83.22463989257812,74.88809204101562,16.68000030517578,13.086999893188477
2018-03-27,61.07852935791016,83.69590759277344,74.9704818725586,16.59000015258789,13.005000114440918
2018-03-28,61.05333709716797,83.67967987060547,74.94052124023438,16.559999465942383,12.824999809265137
2018-03-29,61.808841705322266,83.85031127929688,75.00045013427734,16.649999618530273,12.831000328063965
2018-04-02,60.5832405090332,83.9357681274414,75.00040435791016,16.3799991607666,12.986000061035156
2018-04-03,61.221229553222656,83.6671371459961,75.00040435791016,16.440000534057617,12.873000144958496
2018-04-04,61.7081184387207,83.61836242675781,74.98540496826172,16.43000030517578,12.895999908447266
2018-04-05,62.03549575805664,83.40669250488281,74.94035339355469,16.5,12.829999923706056
2018-04-06,61.03653335571289,83.77298736572266,75.02291107177734,16.299999237060547,12.894000053405762
2018-04-09,61.40592193603516,83.78929138183594,75.02291107177734,16.56999969482422,12.850000381469728
2018-04-10,62.3125228881836,83.64276123046875,75.00796508789062,16.959999084472656,12.970000267028809
2018-04-11,62.02711486816406,83.72415161132812,75.07551574707031,17.079999923706055,13.06700038909912
2018-04-12,62.396446228027344,83.42292785644531,75.00796508789062,17.149999618530273,12.913000106811523
2018-04-13,62.22858047485352,83.4962387084961,75.03800201416016,17.18000030517578,13.005000114440918
2018-04-16,62.54756164550781,83.45553588867188,75.00040435791016,17.079999923706055,13.015000343322754
2018-04-17,63.05122756958008,83.50434112548828,75.02291107177734,17.06999969482422,13.024999618530272
2018-04-18,63.294715881347656,83.17877960205078,74.97038269042969,17.469999313354492,13.100000381469728
2018-04-19,62.88337326049805,82.95088195800781,74.98540496826172,17.389999389648438,13.019000053405762
2018-04-20,62.47202301025391,82.67414855957031,74.92537689208984,17.3799991607666,12.916999816894531
2018-04-23,62.396446228027344,82.59275817871094,74.91783142089844,17.440000534057617,12.812999725341797
2018-04-24,61.8843994140625,82.49502563476562,74.86528015136719,17.270000457763672,12.829999923706056
2018-04-25,61.85920333862305,82.31600189208984,74.86528015136719,17.329999923706055,12.777000427246094
2018-04-26,62.37969207763672,82.55207061767578,74.91033172607422,17.399999618530273,12.743000030517578
2018-04-27,62.48881149291992,82.69039916992188,74.92537689208984,17.3700008392334,12.800999641418455
2018-04-30,62.06908798217773,82.7799301147461,74.95539093017578,17.420000076293945,12.770000457763672
2018-05-01,62.03549575805664,82.6502456665039,74.84452056884766,17.309999465942383,12.579999923706056
2018-05-02,61.80046463012695,82.66659545898438,74.89730072021484,17.329999923706055,12.614999771118164
2018-05-03,61.77526473999024,82.87863159179688,74.9500961303711,17.450000762939453,12.739999771118164
2018-05-04,62.30413818359375,82.8867416381836,74.96520233154297,17.6200008392334,12.704999923706056
2018-05-07,62.396446228027344,82.84598541259766,74.99532318115234,17.600000381469727,12.704999923706056
2018-05-08,62.40486145019531,82.7073745727539,74.9576416015625,17.649999618530273,12.706000328063965
2018-05-09,62.78263854980469,82.51981353759766,74.9500961303711,17.850000381469727,12.682000160217283
2018-05-10,63.36184310913086,82.69103240966797,74.9576416015625,17.90999984741211,12.765999794006348
2018-05-11,63.49616622924805,82.69920349121094,74.98027801513672,17.780000686645508,12.75100040435791
2018-05-14,63.588504791259766,82.51981353759766,74.94255828857422,17.90999984741211,12.699000358581545
2018-05-15,63.01764678955078,82.0630874633789,74.92745208740234,17.899999618530273,12.496999740600586
2018-05-16,63.33666610717773,81.89188385009766,74.91239929199219,17.979999542236328,12.5
2018-05-17,63.31985855102539,81.84293365478516,74.92745208740234,18.030000686645508,12.4399995803833
2018-05-18,63.11003112792969,82.16097259521484,74.98779296875,17.979999542236328,12.48900032043457
2018-05-21,63.47098159790039,82.21807098388672,75.01042938232422,18.149999618530277,12.491999626159668
2018-05-22,63.41219711303711,82.18541717529297,74.98779296875,18.15999984741211,12.489999771118164
2018-05-23,63.2275390625,82.56058502197266,75.0631332397461,18.18000030517578,12.501999855041504
2018-05-24,63.118408203125,82.77257537841797,75.0782699584961,18.06999969482422,12.609000205993652
2018-05-25,62.90854263305664,83.09880065917969,75.05564880371094,17.719999313354492,12.572999954223633
2018-05-29,61.93476486206055,83.99581909179688,75.19886016845703,17.540000915527344,12.569000244140623
2018-05-30,62.74064254760742,83.63702392578125,75.16116333007812,17.829999923706055,12.588000297546388
2018-05-31,62.421661376953125,83.59627532958984,75.2064208984375,17.690000534057617,12.57900047302246
2018-06-01,63.02603912353516,83.2873764038086,75.12177276611328,17.510000228881836,12.496999740600586
2018-06-04,63.34505081176758,82.99325561523438,75.03861236572266,17.31999969482422,12.484000205993652
2018-06-05,63.32827377319336,83.20565032958984,75.0763931274414,17.350000381469727,12.53499984741211
2018-06-06,63.88230514526367,82.87067413330078,74.98568725585938,17.389999389648438,12.53499984741211
2018-06-07,63.66403579711914,83.2220458984375,75.14444732666016,17.549999237060547,12.560999870300291
2018-06-08,63.806766510009766,83.10762023925781,75.11417388916016,17.520000457763672,12.545000076293944
2018-06-11,63.966251373291016,83.02591705322266,75.09150695800781,17.479999542236328,12.567999839782717
2018-06-12,63.89909362792969,82.9769287109375,75.06883239746094,17.510000228881836,12.52299976348877
2018-06-13,63.70600509643555,82.87886047363281,75.03103637695312,17.59000015258789,12.565999984741213
2018-06-14,63.77317810058594,83.14031219482422,75.0763931274414,17.43000030517578,12.586000442504885
2018-06-15,63.50454330444336,83.20565032958984,75.06129455566406,17.030000686645508,12.39900016784668
2018-06-18,63.20237350463867,83.24653625488281,75.09905242919922,17.190000534057617,12.336999893188477
2018-06-19,62.77421951293945,83.46717834472656,75.13684844970703,17.030000686645508,12.32699966430664
2018-06-20,62.99248504638672,83.197509765625,75.09150695800781,17.030000686645508,12.265999794006348
2018-06-21,62.47202301025391,83.41812133789062,75.11417388916016,16.969999313354492,12.246000289916992
2018-06-22,62.84497833251953,83.43447875976562,75.18978881835938,17.399999618530273,12.276000022888184
2018-06-25,61.94853210449219,83.54887390136719,75.18223571777344,17.139999389648438,12.229000091552734
2018-06-26,62.01618194580078,83.58975982666016,75.24266815185547,17.399999618530273,12.166000366210938
2018-06-27,61.4326400756836,83.90839385986328,75.32583618164062,17.6299991607666,12.095000267028809
2018-06-28,61.745548248291016,83.82666015625,75.31829833984375,17.670000076293945,12.06999969482422
2018-06-29,62.05001449584961,83.76130676269531,75.35611724853516,17.90999984741211,12.097000122070312
2018-07-02,61.83011245727539,83.70399475097656,75.338623046875,17.65999984741211,11.980999946594238
2018-07-03,61.762454986572266,83.91683959960938,75.39171600341797,17.65999984741211,12.11299991607666
2018-07-05,62.25298309326172,83.92501068115234,75.42970275878906,17.6299991607666,12.14900016784668
2018-07-06,62.65045166015625,83.9986801147461,75.47518157958984,17.68000030517578,12.149999618530272
2018-07-09,63.27628707885742,83.78582763671875,75.46761322021484,17.760000228881836,12.156000137329102
2018-07-10,63.38623428344727,83.72035217285156,75.4220962524414,17.75,12.130999565124512
2018-07-11,62.68428421020508,83.89229583740234,75.39171600341797,17.030000686645508,12.0
2018-07-12,63.17478561401367,83.85954284667969,75.338623046875,17.1200008392334,12.04800033569336
2018-07-13,63.25090789794922,83.9986801147461,75.4220962524414,17.18000030517578,11.994000434875488
2018-07-16,63.16635894775391,83.85954284667969,75.3006820678711,16.780000686645508,12.041000366210938
2018-07-17,63.411617279052734,83.81040954589844,75.2551498413086,16.790000915527344,11.881999969482422
2018-07-18,63.45390701293945,83.74496459960938,75.232421875,16.899999618530273,11.861000061035156
2018-07-19,63.21708297729492,83.97411346435547,75.28553771972656,16.899999618530273,11.795000076293944
2018-07-20,63.33548355102539,83.6794662475586,75.27033233642578,16.989999771118164,11.907999992370604
2018-07-23,63.33548355102539,83.27014923095703,75.16410827636719,17.020000457763672,11.82800006866455
2018-07-24,63.61458969116211,83.32743072509766,75.13377380371094,17.100000381469727,11.835000038146973
2018-07-25,64.27422332763672,83.27014923095703,75.17925262451172,17.34000015258789,11.925000190734863
2018-07-26,64.00360870361328,83.18006134033203,75.15653991699219,17.350000381469727,11.812999725341797
2018-07-27,63.80908584594727,83.31101989746094,75.20965576171875,17.280000686645508,11.814000129699709
2018-07-30,63.58919525146485,83.20462036132812,75.232421875,17.40999984741211,11.753999710083008
2018-07-31,63.834468841552734,83.31925201416016,75.21720886230469,17.260000228881836,11.85200023651123
2018-08-01,63.60611724853516,83.12236022949219,75.1722640991211,17.030000686645508,11.746000289916992
2018-08-02,63.61458969116211,83.22084045410156,75.2027816772461,17.18000030517578,11.680999755859377
2018-08-03,63.834468841552734,83.43407440185547,75.28658294677734,17.200000762939453,11.722000122070312
2018-08-06,63.834468841552734,83.47509765625,75.28658294677734,17.229999542236328,11.659000396728516
2018-08-07,64.0797119140625,83.30287170410156,75.28658294677734,17.309999465942383,11.689000129699709
2018-08-08,64.03743743896484,83.37664794921875,75.24845886230469,17.010000228881836,11.720000267028809
2018-08-09,63.893680572509766,83.6063232421875,75.27894592285156,16.969999313354492,11.704999923706056
2018-08-10,63.17478561401367,83.96719360351562,75.42366027832031,17.020000457763672,11.696999549865724
2018-08-13,62.83651351928711,83.94264221191406,75.4312744140625,16.950000762939453,11.527999877929688
2018-08-14,63.13252258300781,83.86062622070312,75.40082550048828,16.940000534057617,11.534000396728516
2018-08-15,62.43058013916016,84.0656509399414,75.43891143798828,16.559999465942383,11.34000015258789
2018-08-16,62.90417098999024,84.04103088378906,75.40843200683594,16.700000762939453,11.336999893188477
2018-08-17,63.18325424194336,84.0738754272461,75.42366027832031,16.81999969482422,11.437000274658203
2018-08-20,63.42851638793945,84.33634948730469,75.50749206542969,16.829999923706055,11.491999626159668
2018-08-21,63.682247161865234,84.22148895263672,75.48464965820312,16.889999389648438,11.524999618530272
2018-08-22,63.85138702392578,84.37731170654297,75.57604217529297,17.1299991607666,11.555999755859377
2018-08-23,63.55537033081055,84.369140625,75.57604217529297,17.079999923706055,11.446000099182127
2018-08-24,64.01205444335938,84.39379119873047,75.59890747070312,17.239999771118164,11.640000343322754
2018-08-27,64.68862915039062,84.20508575439453,75.55316925048828,17.31999969482422,11.687000274658203
2018-08-28,64.63787841796875,84.01648712158203,75.52271270751953,17.229999542236328,11.60200023651123
2018-08-29,64.94235229492188,83.99183654785156,75.4998550415039,17.459999084472656,11.64900016784668
2018-08-30,64.40106964111328,84.14769744873047,75.5455551147461,17.440000534057617,11.593999862670898
2018-08-31,64.38417053222656,84.1640853881836,75.58366394042969,17.440000534057617,11.579999923706056
2018-09-04,63.97825622558594,83.97174072265625,75.53555297851562,17.360000610351562,11.517000198364258
2018-09-05,63.55537033081055,83.96358489990234,75.54315185546875,17.260000228881836,11.557000160217283
2018-09-06,63.420047760009766,84.13615417480469,75.54315185546875,17.139999389648438,11.585000038146973
2018-09-07,63.13252258300781,83.75807189941406,75.48206329345703,17.190000534057617,11.550999641418455
2018-09-10,63.28474426269531,83.8073501586914,75.48206329345703,17.200000762939453,11.541999816894531
2018-09-11,63.411617279052734,83.50332641601562,75.4591064453125,17.399999618530273,11.550000190734863
2018-09-12,63.53001403808594,83.60192108154297,75.48206329345703,17.510000228881836,11.640000343322754
2018-09-13,63.92747497558594,83.59371948242188,75.39041137695312,17.309999465942383,11.604000091552734
2018-09-14,63.96977615356445,83.43751525878906,75.3445816040039,17.280000686645508,11.527999877929688
2018-09-17,63.74143981933594,83.45397186279297,75.3445816040039,17.239999771118164,11.588000297546388
2018-09-18,64.18965911865234,83.10877990722656,75.31398010253906,17.43000030517578,11.569000244140623
2018-09-19,64.35034942626953,82.96905517578125,75.32929992675781,17.56999969482422,11.61400032043457
2018-09-20,64.95082092285156,82.97727966308594,75.32929992675781,17.549999237060547,11.656999588012695
2018-09-21,64.93387603759766,83.01019287109375,75.31398010253906,17.6299991607666,11.576000213623049
2018-09-24,64.64634704589844,82.91978454589844,75.35222625732422,17.889999389648438,11.574000358581545
2018-09-25,64.73089599609375,82.83760070800781,75.35222625732422,17.950000762939453,11.595999717712402
2018-09-26,64.62215423583984,83.10877990722656,75.39041137695312,17.829999923706055,11.53499984741211
2018-09-27,64.67313385009766,83.10877990722656,75.40567779541016,17.93000030517578,11.434000015258787
2018-09-28,64.4352035522461,83.14986419677734,75.45149993896484,18.11000061035156,11.505999565124512
2018-10-01,64.63912963867188,82.93904113769531,75.43010711669922,18.5,11.482999801635742
2018-10-02,64.33324432373047,83.15319061279297,75.46070861816406,18.530000686645508,11.616000175476074
2018-10-03,64.33324432373047,82.53551483154297,75.36893463134766,18.71999931335449,11.56999969482422
2018-10-04,63.62797164916992,82.32140350341797,75.30779266357422,18.459999084472656,11.57800006866455
2018-10-05,63.245582580566406,82.12373352050781,75.26957702636719,18.420000076293945,11.61299991607666
2018-10-08,63.109619140625,82.15670776367188,75.27718353271484,18.38999938964844,11.47599983215332
2018-10-09,62.956668853759766,82.31319427490234,75.31542205810547,18.520000457763672,11.489999771118164
2018-10-10,61.172245025634766,82.35436248779297,75.33070373535156,18.1299991607666,11.520999908447266
2018-10-11,60.1015739440918,82.6920166015625,75.24662017822266,17.829999923706055,11.800000190734863
2018-10-12,60.78136444091797,82.59317016601562,75.21604919433594,17.940000534057617,11.753999710083008
2018-10-15,60.52645492553711,82.64256286621094,75.23896026611328,18.020000457763672,11.82900047302246
2018-10-16,61.72457885742188,82.63438415527344,75.23896026611328,18.07999992370605,11.821999549865724
2018-10-17,61.4781379699707,82.39550018310547,75.18547058105469,17.860000610351562,11.805999755859377
2018-10-18,60.52645492553711,82.54376983642578,75.18547058105469,17.6200008392334,11.822999954223633
2018-10-19,60.58590698242188,82.4449462890625,75.17784118652344,17.75,11.835000038146973
2018-10-22,60.41597366333008,82.46139526367188,75.1549301147461,17.780000686645508,11.803999900817873
2018-10-23,59.999603271484375,82.675537109375,75.1166763305664,17.309999465942383,11.87600040435791
2018-10-24,58.164180755615234,83.12026977539062,75.21604919433594,17.239999771118164,11.906000137329102
2018-10-25,59.13288497924805,82.9225845336914,75.10137176513672,17.329999923706055,11.871999740600586
2018-10-26,58.410606384277344,83.29317474365234,75.26957702636719,17.5,11.906999588012695
2018-10-29,58.0112419128418,83.28498077392578,75.26189422607422,17.280000686645508,11.862000465393066
2018-10-30,58.86096954345703,83.1037826538086,75.17784118652344,17.18000030517578,11.809000015258787
2018-10-31,59.39628982543945,82.89786529541016,75.08606719970703,16.989999771118164,11.746999740600586
2018-11-01,60.33102035522461,82.96883392333984,75.07386016845703,16.81999969482422,11.899999618530272
2018-11-02,60.203521728515625,82.5066909790039,75.00498962402344,16.799999237060547,11.89900016784668
2018-11-05,60.3650016784668,82.55619812011719,75.04324340820312,16.799999237060547,11.87600040435791
2018-11-06,60.6708984375,82.46541595458984,74.98204040527344,16.700000762939453,11.833000183105469
2018-11-07,61.71605682373047,82.46541595458984,74.98969268798828,16.68000030517578,11.83199977874756
2018-11-08,61.22322082519531,82.34983825683594,74.9361343383789,16.5,11.8100004196167
2018-11-09,60.73887252807617,82.67174530029297,75.00498962402344,16.350000381469727,11.675000190734863
2018-11-12,59.668216705322266,82.91938018798828,75.07386016845703,16.280000686645508,11.593999862670898
2018-11-13,59.76167678833008,82.9853515625,75.04324340820312,15.770000457763672,11.597000122070312
2018-11-14,59.557743072509766,83.15870666503906,75.05856323242188,16.100000381469727,11.696999549865724
2018-11-15,60.08457565307617,83.21647644042969,75.11212158203125,15.949999809265137,11.704999923706056
2018-11-16,60.203521728515625,83.4722900390625,75.24217224121094,16.139999389648438,11.788999557495115
2018-11-19,59.37929534912109,83.59613037109375,75.24980926513672,16.170000076293945,11.803999900817873
2018-11-20,58.29164505004883,83.57957458496094,75.15036010742188,15.539999961853027,11.79300022125244
2018-11-21,58.83546829223633,83.56309509277344,75.0968017578125,15.65999984741211,11.824999809265137
2018-11-23,58.46158981323242,83.61261749267578,74.99734497070312,15.140000343322754,11.803000450134276
2018-11-26,59.31133270263672,83.54659271240234,75.02025604248047,15.170000076293944,11.795000076293944
2018-11-27,59.31982421875,83.62911224365234,74.94379425048828,15.119999885559082,11.720999717712402
2018-11-28,60.45847702026367,83.62084197998047,74.97440338134766,15.029999732971191,11.777000427246094
2018-11-29,60.30550765991211,83.83544921875,75.13505554199219,15.170000076293944,11.814000129699709
2018-11-30,60.42447662353516,84.0004653930664,75.10444641113281,15.109999656677246,11.788999557495115
2018-12-03,61.24871826171875,84.1840591430664,75.10903930664062,15.460000038146973,11.873000144958496
2018-12-04,59.4472770690918,84.57279968261719,75.13204193115234,15.460000038146973,11.94499969482422
2018-12-06,59.14137268066406,84.78783416748047,75.07841491699219,15.25,11.94499969482422
2018-12-07,58.0537223815918,85.03599548339844,75.19332122802734,15.470000267028809,12.04599952697754
2018-12-10,57.926265716552734,85.08558654785156,75.07073211669922,15.170000076293944,12.001999855041504
2018-12-11,57.951759338378906,84.87055206298828,74.97113037109375,15.25,11.991000175476074
2018-12-12,58.58055877685547,84.63896179199219,74.94816589355469,15.140000343322754,12.015999794006348
2018-12-13,58.4701042175293,84.68860626220703,75.02477264404297,15.390000343322754,11.989999771118164
2018-12-14,57.552391052246094,84.82093048095703,75.02477264404297,15.09000015258789,11.94499969482422
2018-12-17,56.600677490234375,85.06905364990234,75.03244018554688,14.789999961853027,12.020000457763672
2018-12-18,56.67713928222656,85.27875518798828,75.06077575683594,14.399999618530272,12.04800033569336
2018-12-19,55.946388244628906,85.57708740234375,75.06077575683594,14.470000267028809,11.980999946594238
2018-12-20,55.35157775878906,85.46932983398438,74.94577026367188,14.270000457763672,12.161999702453612
2018-12-21,54.3913688659668,85.54390716552734,74.98409271240234,14.100000381469728,12.111000061035156
2018-12-24,53.37154769897461,85.75940704345703,74.99944305419922,13.859999656677246,12.241999626159668
2018-12-26,55.35811996459961,85.35331726074219,74.99944305419922,14.270000457763672,12.208999633789062
2018-12-27,55.6663703918457,85.56875610351562,75.06851959228516,14.06999969482422,12.29699993133545
2018-12-28,55.72630310058594,86.03289794921875,75.1375732421875,13.970000267028809,12.348999977111816
2018-12-31,56.05169296264648,86.35606384277344,75.19892120361328,14.020000457763672,12.368000030517578
2019-01-02,55.983177185058594,86.53844451904297,75.21424865722656,14.09000015258789,12.381999969482422
2019-01-03,55.10979080200195,87.22626495361328,75.42908477783203,14.239999771118164,12.49899959564209
2019-01-04,56.89939498901367,86.52183532714844,75.39070892333984,14.449999809265137,12.404999732971191
2019-01-07,57.25046920776367,86.28147888183594,75.38301849365234,14.510000228881836,12.428000450134276
2019-01-08,57.71286392211914,86.06603240966797,75.38301849365234,14.699999809265137,12.401000022888184
2019-01-09,58.25231552124024,86.11573028564453,75.49808502197266,15.109999656677246,12.47700023651123
2019-01-10,58.51774215698242,86.0743179321289,75.46744537353516,15.100000381469728,12.404999732971191
2019-01-11,58.29512786865234,86.33123779296875,75.58251190185547,15.010000228881836,12.425000190734863
2019-01-14,57.978309631347656,86.28147888183594,75.50579071044922,14.869999885559082,12.458999633789062
2019-01-15,58.50061798095703,86.19862365722656,75.48277282714844,15.029999732971191,12.4350004196167
2019-01-16,58.697547912597656,86.1489028930664,75.46744537353516,15.100000381469728,12.472000122070312
2019-01-17,59.031532287597656,85.991455078125,75.44440460205078,15.140000343322754,12.460000038146973
2019-01-18,59.67374038696289,85.71794891357422,75.42908477783203,15.31999969482422,12.352999687194824
2019-01-22,58.826019287109375,86.01629638671875,75.42908477783203,15.130000114440918,12.388999938964844
2019-01-23,58.96302032470703,85.97486114501953,75.40605926513672,15.100000381469728,12.37399959564209
2019-01-24,59.1428337097168,86.2483901977539,75.4597396850586,15.140000343322754,12.35099983215332
2019-01-25,59.742218017578125,86.04945373535156,75.42137908935547,15.220000267028809,12.531999588012695
2019-01-28,59.356895446777344,86.0743179321289,75.34467315673828,14.920000076293944,12.572999954223633
2019-01-29,59.391151428222656,86.32292175292969,75.42908477783203,15.130000114440918,12.651000022888184
2019-01-30,60.23030471801758,86.52183532714844,75.65923309326172,15.270000457763672,12.736000061035156
2019-01-31,60.52999877929688,86.9196548461914,75.79730224609375,15.1899995803833,12.729999542236328
2019-02-01,60.538570404052734,86.45455169677734,75.72827911376953,15.399999618530272,12.706000328063965
2019-02-04,60.85536956787109,86.2635498046875,75.65923309326172,15.369999885559082,12.652999877929688
2019-02-05,61.27495956420898,86.41304016113281,75.67460632324219,15.270000457763672,12.68299961090088
2019-02-06,61.01808547973633,86.47949981689453,75.66688537597656,15.300000190734863,12.597000122070312
2019-02-07,60.42723083496094,86.76184844970703,75.70524597167969,15.09000015258789,12.630999565124512
2019-02-08,60.315948486328125,86.87812042236328,75.69760131835938,15.130000114440918,12.675000190734863
2019-02-11,60.315948486328125,86.74524688720703,75.64387512207031,15.039999961853027,12.614999771118164
2019-02-12,61.05231094360352,86.62896728515625,75.66688537597656,15.15999984741211,12.642000198364258
2019-02-13,61.07799911499024,86.41304016113281,75.72827911376953,15.300000190734863,12.59000015258789
2019-02-14,61.0694465637207,86.81999206542969,75.79730224609375,15.380000114440918,12.654999732971191
2019-02-15,61.73735427856445,86.73695373535156,75.8126220703125,15.65999984741211,12.737000465393066
2019-02-19,61.8914680480957,86.88648223876953,75.8663101196289,15.640000343322754,12.925000190734863
2019-02-20,62.12266159057617,86.86982727050781,75.88935852050781,15.739999771118164,12.906000137329102
2019-02-21,61.8914680480957,86.6123275756836,75.8663101196289,15.789999961853027,12.763999938964844
2019-02-22,62.28537368774414,86.86982727050781,75.95845794677734,15.81999969482422,12.80500030517578
2019-02-25,62.448055267333984,86.73695373535156,75.87403106689453,15.5,12.793999671936035
2019-02-26,62.51655197143555,86.99440002441406,75.95845794677734,15.579999923706056,12.815999984741213
2019-02-27,62.439491271972656,86.6871109008789,75.95073699951172,15.739999771118164,12.727999687194824
2019-02-28,62.2339973449707,86.46285247802734,75.88935852050781,15.720000267028809,12.652999877929688
2019-03-01,62.55082321166992,86.17913055419922,75.83566284179688,15.539999961853027,12.437000274658203
2019-03-04,62.3624267578125,86.44540405273438,75.8663101196289,15.609999656677246,12.404999732971191
2019-03-05,62.448055267333984,86.4953384399414,75.84333038330078,15.65999984741211,12.423999786376951
2019-03-06,62.071285247802734,86.73665618896484,75.927734375,15.59000015258789,12.416000366210938
2019-03-07,61.411956787109375,87.02783966064453,76.02743530273438,15.609999656677246,12.39900016784668
2019-03-08,61.24926376342773,87.15266418457031,76.05815887451172,15.56999969482422,12.531000137329102
2019-03-11,62.071285247802734,87.08609771728516,76.09651184082031,15.630000114440918,12.470999717712402
2019-03-12,62.22542953491211,87.327392578125,76.1348648071289,15.68000030517578,12.550999641418455
2019-03-13,62.58505630493164,87.29412078857422,76.18856048583984,15.869999885559082,12.637999534606934
2019-03-14,62.50796890258789,87.1693115234375,76.21158599853516,15.850000381469728,12.493000030517578
2019-03-15,62.996070861816406,87.44390869140625,76.28060913085938,15.869999885559082,12.550000190734863
2019-03-18,63.27863693237305,87.327392578125,76.27297973632812,15.989999771118164,12.560999870300291
2019-03-19,63.28721237182617,87.26919555664062,76.24225616455078,15.970000267028809,12.593999862670898
2019-03-20,63.18444061279297,87.87657928466797,76.4800796508789,16.18000030517578,12.666999816894531
2019-03-21,63.56121444702149,87.83496856689453,76.44175720214844,16.100000381469727,12.62600040435791
2019-03-22,62.26823043823242,88.48402404785156,76.51079559326172,15.9399995803833,12.654999732971191
2019-03-25,62.25189971923828,88.70870208740234,76.52613067626953,15.979999542236328,12.74899959564209
2019-03-26,62.62152099609375,88.6337890625,76.49544525146484,16.079999923706055,12.68299961090088
2019-03-27,62.389427185058594,88.89173889160156,76.48774719238281,15.970000267028809,12.621999740600586
2019-03-28,62.56136703491211,88.90003967285156,76.44941711425781,15.93000030517578,12.44200038909912
2019-03-29,62.89659118652344,88.75860595703125,76.47242736816406,15.949999809265137,12.454999923706056
2019-04-01,63.704620361328125,88.14827728271484,76.4340591430664,16.18000030517578,12.406000137329102
2019-04-02,63.69602966308594,88.2983627319336,76.46476745605469,16.299999237060547,12.451000213623049
2019-04-03,63.96249008178711,88.0231704711914,76.41873168945312,16.329999923706055,12.43299961090088
2019-04-04,64.0484619140625,88.11492156982422,76.4340591430664,16.329999923706055,12.463000297546388
2019-04-05,64.30633544921875,88.15658569335938,76.44941711425781,16.469999313354492,12.451000213623049
2019-04-08,64.38370513916016,88.01482391357422,76.44941711425781,16.600000381469727,12.508000373840332
2019-04-09,64.03985595703125,88.17332458496094,76.4800796508789,16.520000457763672,12.56999969482422
2019-04-10,64.30633544921875,88.38169860839844,76.6335220336914,16.639999389648438,12.607999801635742
2019-04-11,64.19458770751953,88.18162536621094,76.55680084228516,16.530000686645508,12.447999954223633
2019-04-12,64.6501693725586,87.77306365966797,76.52613067626953,16.6200008392334,12.435999870300291
2019-04-15,64.54701232910156,87.8897705078125,76.53379821777344,16.549999237060547,12.413000106811523
2019-04-16,64.69316101074219,87.5896224975586,76.49544525146484,16.56999969482422,12.303000450134276
2019-04-17,64.61577606201172,87.60629272460938,76.5184555053711,16.489999771118164,12.282999992370604
2019-04-18,64.66736602783203,87.81468200683594,76.6104965209961,16.549999237060547,12.286999702453612
2019-04-22,64.60719299316406,87.68963623046875,76.64118194580078,16.760000228881836,12.288999557495115
2019-04-23,65.0197982788086,87.84808349609375,76.67955780029297,16.790000915527344,12.26099967956543
2019-04-24,64.66736602783203,88.18162536621094,76.7716293334961,16.690000534057617,12.29699993133545
2019-04-25,64.62438201904297,88.07321166992188,76.7716293334961,16.59000015258789,12.312999725341797
2019-04-26,64.93383026123047,88.30665588378906,76.80999755859375,16.309999465942383,12.395000457763672
2019-04-29,65.0197982788086,88.12325286865234,76.77931213378906,16.350000381469727,12.336999893188477
2019-04-30,65.07996368408203,88.2983627319336,76.82533264160156,16.389999389648438,12.37399959564209
2019-05-01,64.65877532958984,88.25821685791016,76.73546600341797,16.399999618530273,12.295000076293944
2019-05-02,64.564208984375,88.00763702392578,76.58955383300781,16.139999389648438,12.25100040435791
2019-05-03,65.18312072753906,88.12458038330078,76.66637420654297,16.170000076293945,12.314000129699709
2019-05-06,64.7275390625,88.35018157958984,76.7278060913086,16.25,12.34000015258789
2019-05-07,63.653053283691406,88.65090942382812,76.69709014892578,15.960000038146973,12.380999565124512
2019-05-08,63.64446258544922,88.48381042480469,76.64334106445312,16.040000915527344,12.345999717712402
2019-05-09,63.27481460571289,88.71775817871094,76.68173217773438,15.960000038146973,12.375
2019-05-10,63.58428192138672,88.6592788696289,76.72010040283203,16.010000228881836,12.395999908447266
2019-05-13,61.98541259765625,89.1020736694336,76.8353271484375,15.859999656677246,12.524999618530272
2019-05-14,62.63011932373047,89.01850128173828,76.88138580322266,16.09000015258789,12.49899959564209
2019-05-15,62.92237091064453,89.30257415771484,76.97355651855469,16.239999771118164,12.494999885559082
2019-05-16,63.38656997680664,89.12708282470703,76.99657440185547,16.440000534057617,12.406000137329102
2019-05-17,62.87941360473633,89.16890716552734,76.95052337646484,16.309999465942383,12.31700038909912
2019-05-20,62.5269775390625,89.01850128173828,76.89673614501953,16.34000015258789,12.31999969482422
2019-05-21,63.07710266113281,88.91824340820312,76.88138580322266,16.34000015258789,12.288000106811523
2019-05-22,62.79344940185547,89.18559265136719,76.88138580322266,16.049999237060547,12.272000312805176
2019-05-23,62.08857345581055,89.72865295410156,76.91210174560547,15.619999885559082,12.369999885559082
2019-05-24,62.37223815917969,89.70360565185547,76.93511962890625,15.800000190734863,12.383999824523926
2019-05-28,61.88227844238281,90.0962371826172,76.96589660644531,15.899999618530272,12.333000183105469
2019-05-29,61.57282638549805,90.06288146972656,76.99657440185547,15.859999656677246,12.34000015258789
2019-05-30,61.7877197265625,90.38870239257812,77.05036163330078,15.5600004196167,12.42300033569336
2019-05-31,61.19460678100586,90.99019622802734,77.24231719970703,15.010000228881836,12.592000007629396
2019-06-03,61.28913879394531,91.4280242919922,77.37136840820312,14.899999618530272,12.779000282287598
2019-06-04,62.33784866333008,91.0931625366211,77.37136840820312,15.050000190734863,12.78600025177002
2019-06-05,62.55276107788086,91.0931625366211,77.4177017211914,14.729999542236328,12.8100004196167
2019-06-06,62.84502410888672,91.07640075683594,77.37136840820312,15.0,12.854000091552734
2019-06-07,63.48112106323242,91.43638610839844,77.52581787109375,15.039999961853027,12.928000450134276
2019-06-10,63.74760437011719,90.98432159423828,77.38678741455078,15.0,12.803999900817873
2019-06-11,63.92811965942383,90.98432159423828,77.33271789550781,15.0600004196167,12.793999671936035
2019-06-12,63.61866760253906,91.21875762939452,77.30181121826172,14.739999771118164,12.83899974822998
2019-06-13,63.7991828918457,91.44476318359376,77.37906646728516,14.949999809265137,12.92300033569336
2019-06-14,63.49831771850586,91.51171875,77.30955505371094,15.029999732971191,12.925999641418455
2019-06-17,63.58579635620117,91.49494171142578,77.25544738769531,14.9399995803833,12.913999557495115
2019-06-18,64.36522674560547,91.67072296142578,77.34815216064453,15.18000030517578,12.975000381469728
2019-06-19,64.66835021972656,91.92186737060548,77.57218933105469,15.1899995803833,13.0600004196167
2019-06-20,65.30059814453125,92.07259368896484,77.7498550415039,15.529999732971191,13.390999794006348
2019-06-21,65.06672668457031,91.69588470458984,77.66484832763672,15.600000381469728,13.484000205993652
2019-06-24,65.040771484375,92.0139617919922,77.7035140991211,15.640000343322754,13.680999755859377
2019-06-25,64.47782135009766,92.15625762939452,77.64167785644531,15.670000076293944,13.70699977874756
2019-06-26,64.51245880126953,91.7795639038086,77.63397216796875,15.880000114440918,13.58199977874756
2019-06-27,64.79824829101562,92.05581665039062,77.68804168701172,15.880000114440918,13.571000099182127
2019-06-28,65.09272003173828,92.09768676757812,77.69580078125,15.649999618530272,13.600000381469728
2019-07-01,65.65565490722656,91.98196411132812,77.70276641845703,15.720000267028809,13.338000297546388
2019-07-02,65.75091552734375,92.30899810791016,77.68722534179688,15.329999923706056,13.621999740600586
2019-07-03,66.17530059814453,92.48512268066406,77.74939727783203,15.489999771118164,13.654000282287598
2019-07-05,65.91548156738281,91.89812469482422,77.63287353515625,15.609999656677246,13.498000144958496
2019-07-08,65.60369873046875,91.80589294433594,77.5784683227539,15.539999961853027,13.413000106811523
2019-07-09,65.49977111816406,91.74716186523438,77.59402465820312,15.640000343322754,13.456000328063965
2019-07-10,65.8201904296875,91.79747772216795,77.77269744873047,16.06999969482422,13.670000076293944
2019-07-11,65.85485076904297,91.3446807861328,77.76492309570312,16.100000381469727,13.557000160217283
2019-07-12,66.08003997802734,91.44525909423828,77.80376434326172,16.139999389648438,13.638999938964844
2019-07-15,66.09735107421875,91.63812255859376,77.8348159790039,15.9399995803833,13.63599967956543
2019-07-16,65.87216186523438,91.43690490722656,77.7882308959961,15.729999542236328,13.526000022888184
2019-07-17,65.56038665771484,91.86459350585938,77.80376434326172,15.550000190734863,13.744999885559082
2019-07-18,65.82887268066406,92.09092712402344,77.9124984741211,15.390000343322754,13.9350004196167
2019-07-19,65.56904602050781,91.92327117919922,77.85038757324219,15.520000457763672,13.734000205993652
2019-07-22,65.63833618164062,91.9651870727539,77.8581314086914,15.489999771118164,13.734000205993652
2019-07-23,66.06270599365234,91.81428527832033,77.8348159790039,15.579999923706056,13.656000137329102
2019-07-24,66.27921295166016,91.94841003417967,77.84260559082031,15.489999771118164,13.729000091552734
2019-07-25,65.80288696289062,91.7890625,77.79600524902344,15.4399995803833,13.625
2019-07-26,66.13198852539062,91.77232360839844,77.74939727783203,15.4399995803833,13.651000022888184
2019-07-29,66.07137298583984,91.856201171875,77.74160766601562,15.550000190734863,13.741000175476074
2019-07-30,65.69029998779297,91.89812469482422,77.79600524902344,15.649999618530272,13.786999702453612
2019-07-31,65.09272003173828,92.13291931152344,77.75712585449219,15.579999923706056,13.605999946594238
2019-08-01,64.57310485839844,93.17790985107422,77.9097900390625,15.0,13.93000030517578
2019-08-02,63.97550582885742,93.37113189697266,77.88642120361328,15.06999969482422,13.883999824523926
2019-08-05,62.19145202636719,94.17758178710938,77.97209167480469,14.90999984741211,14.074999809265137
2019-08-06,62.88429641723633,94.32879638671876,78.04218292236328,14.779999732971191,14.190999984741213
2019-08-07,63.066162109375,94.32879638671876,78.01103973388672,14.5600004196167,14.406000137329102
2019-08-08,64.04479217529297,94.33718872070312,78.08116912841797,14.68000030517578,14.482999801635742
2019-08-09,63.55115509033203,94.19434356689452,78.04997253417969,14.850000381469728,14.437999725341797
2019-08-12,62.88429641723633,94.79085540771484,78.08116912841797,14.739999771118164,14.56700038909912
2019-08-13,63.681034088134766,94.45476531982422,78.04218292236328,15.029999732971191,14.479000091552734
2019-08-14,61.81901550292969,95.0848388671875,78.01103973388672,14.760000228881836,14.583999633789062
2019-08-15,62.044212341308594,95.68968963623048,78.15900421142578,14.6899995803833,14.677000045776367
2019-08-16,62.90159225463867,95.43767547607422,78.15900421142578,14.720000267028809,14.58199977874756
2019-08-19,63.43855667114258,94.98402404785156,78.04218292236328,14.859999656677246,14.414999961853027
2019-08-20,63.09212493896485,95.4040298461914,78.12008666992188,14.869999885559082,14.527999877929688
2019-08-21,63.62043762207031,95.1520004272461,78.01103973388672,14.899999618530272,14.477999687194824
2019-08-22,63.49051284790039,94.94200134277344,78.018798828125,14.8100004196167,14.440999984741213
2019-08-23,62.18277740478516,95.58045196533205,78.12786102294922,14.600000381469728,14.729999542236328
2019-08-26,62.78902816772461,95.488037109375,78.09669494628906,14.609999656677246,14.730999946594238
2019-08-27,62.58980941772461,95.89966583251952,78.182373046875,14.739999771118164,14.86299991607666
2019-08-28,62.9102783203125,95.93325805664062,78.24464416503906,14.93000030517578,14.831000328063965
2019-08-29,63.61175155639648,95.74847412109376,78.26805877685547,15.020000457763672,14.720999717712402
2019-08-30,63.724365234375,95.77367401123048,78.15900421142578,14.81999969482422,14.685999870300291
2019-09-03,63.3866081237793,95.98401641845705,78.12161254882812,14.630000114440918,14.890999794006348
2019-09-04,64.1660385131836,96.1354751586914,78.26189422607422,15.050000190734863,14.98799991607666
2019-09-05,64.8935317993164,95.36136627197266,78.16837310791016,15.039999961853027,14.628999710083008
2019-09-06,65.006103515625,95.42028045654295,78.19171905517578,15.0600004196167,14.501999855041504
2019-09-09,65.05809020996094,94.83126068115234,78.1371841430664,15.279999732971191,14.449000358581545
2019-09-10,65.08406066894531,94.14122772216795,78.00472259521484,15.300000190734863,14.31999969482422
2019-09-11,65.54308319091797,94.0487060546875,77.98133087158203,15.109999656677246,14.40999984741211
2019-09-12,65.83753967285156,93.83834075927734,77.95794677734375,15.029999732971191,14.442999839782717
2019-09-13,65.96743774414062,92.98006439208984,77.84888458251953,15.050000190734863,14.324999809265137
2019-09-16,65.72493743896484,93.38394927978516,78.043701171875,16.06999969482422,14.440999984741213
2019-09-17,65.85485076904297,93.62793731689452,78.03587341308594,15.600000381469728,14.472000122070312
2019-09-18,65.80288696289062,93.6616439819336,77.90339660644531,15.5,14.378999710083008
2019-09-19,65.84618377685547,93.70369720458984,77.96578979492188,15.600000381469728,14.437999725341797
2019-09-20,65.62968444824219,94.24226379394533,78.06706237792969,15.56999969482422,14.604999542236328
2019-09-23,65.61236572265625,94.37684631347656,78.15275573730469,15.619999885559082,14.690999984741213
2019-09-24,65.18119049072266,94.84806823730467,78.15275573730469,15.359999656677246,14.767999649047852
2019-09-25,65.32054138183594,94.22543334960938,78.05146789550781,15.329999923706056,14.491999626159668
2019-09-26,65.34667205810547,94.42733764648438,78.06706237792969,15.31999969482422,14.493000030517578
2019-09-27,64.93729400634766,94.56200408935548,78.05146789550781,15.210000038146973,14.414999961853027
2019-09-30,65.17247009277344,94.63772583007812,78.05924987792969,15.050000190734863,14.19499969482422
2019-10-01,64.47562408447266,94.89981079101562,78.11393737792969,14.979999542236328,14.270000457763672
2019-10-02,63.41292953491211,95.22846221923828,78.1607894897461,14.779999732971191,14.4399995803833
2019-10-03,63.90071868896485,95.7256851196289,78.26225280761719,14.789999961853027,14.5
2019-10-04,64.58013153076172,95.91107940673828,78.29347229003906,14.880000114440918,14.503999710083008
2019-10-07,64.37110137939453,95.59081268310548,78.20758056640625,14.880000114440918,14.381999969482422
2019-10-08,63.52617645263672,95.7930908203125,78.1920166015625,14.84000015258789,14.506999969482422
2019-10-09,64.05753326416016,95.54872131347656,78.1685791015625,14.920000076293944,14.517000198364258
2019-10-10,64.50177764892578,94.95034790039062,78.1061019897461,15.010000228881836,14.390999794006348
2019-10-11,65.36410522460938,94.30143737792967,78.08268737792969,15.260000228881836,14.312999725341797
2019-10-14,65.1986083984375,94.56269073486328,78.1061019897461,15.09000015258789,14.371999740600586
2019-10-15,65.8780288696289,94.107666015625,77.9811782836914,15.050000190734863,14.269000053405762
2019-10-16,65.84318542480469,94.29300689697266,78.12169647216797,15.119999885559082,14.350000381469728
2019-10-17,66.0261001586914,94.25933074951172,78.1685791015625,15.199999809265137,14.366000175476074
2019-10-18,65.82577514648438,94.3436279296875,78.22322845458984,15.15999984741211,14.359000205993652
2019-10-21,66.28744506835938,93.99806213378906,78.1451644897461,15.09000015258789,14.288000106811523
2019-10-22,66.10448455810547,94.21720886230467,78.1920166015625,15.149999618530272,14.335000038146973
2019-10-23,66.296142578125,94.25089263916016,78.1920166015625,15.390000343322754,14.366999626159668
2019-10-24,66.43550109863281,94.2340087890625,78.25447082519531,15.470000267028809,14.472000122070312
2019-10-25,66.68809509277344,94.03182220458984,78.24663543701172,15.529999732971191,14.505000114440918
2019-10-28,67.04524230957031,93.67784118652344,78.1451644897461,15.460000038146973,14.376999855041504
2019-10-29,66.9842758178711,93.76212310791016,78.09049224853516,15.40999984741211,14.335000038146973
2019-10-30,67.19332122802734,94.21720886230467,78.12169647216797,15.31999969482422,14.41100025177002
2019-10-31,66.99299621582031,94.8155517578125,78.22322845458984,15.170000076293944,14.55799961090088
2019-11-01,67.6550064086914,94.63656616210938,78.31304931640625,15.550000190734863,14.569000244140623
2019-11-04,67.97726440429688,94.155517578125,78.32865905761719,15.649999618530272,14.529999732971191
2019-11-05,67.98597717285156,93.64913940429688,78.28960418701172,15.75,14.3100004196167
2019-11-06,67.97726440429688,93.91922760009766,78.34429931640625,15.579999923706056,14.369999885559082
2019-11-07,68.19503784179688,93.1680679321289,78.23490905761719,15.56999969482422,14.140000343322754
2019-11-08,68.247314453125,93.04142761230467,78.23490905761719,15.640000343322754,14.050000190734863
2019-11-11,68.0730972290039,93.14276123046876,78.23490905761719,15.510000228881836,14.010000228881836
2019-11-12,68.12535095214844,93.18495178222656,78.22712707519531,15.520000457763672,14.050000190734863
2019-11-13,68.00342559814453,93.4381332397461,78.29740142822266,15.550000190734863,14.100000381469728
2019-11-14,68.02083587646484,93.91075134277344,78.31304931640625,15.510000228881836,14.170000076293944
2019-11-15,68.49990844726562,93.83477783203124,78.27397155761719,15.609999656677246,14.119999885559082
2019-11-18,68.52603912353516,93.99515533447266,78.34429931640625,15.390000343322754,14.170000076293944
2019-11-19,68.54348754882812,94.17243957519533,78.32865905761719,15.210000038146973,14.18000030517578
2019-11-20,68.20375061035156,94.5184555053711,78.39895629882812,15.40999984741211,14.18000030517578
2019-11-21,68.12535095214844,94.28211975097656,78.39895629882812,15.619999885559082,14.119999885559082
2019-11-22,68.27342987060547,94.26525115966795,78.3755111694336,15.579999923706056,14.079999923706056
2019-11-25,68.79607391357422,94.3074188232422,78.39115142822266,15.609999656677246,14.010000228881836
2019-11-26,68.8570556640625,94.48468017578124,78.45362854003906,15.670000076293944,14.079999923706056
2019-11-27,69.13579559326172,94.23992156982422,78.39115142822266,15.600000381469728,14.010000228881836
2019-11-29,68.70894622802734,94.16397857666016,78.34429931640625,15.229999542236328,14.15999984741211
2019-12-02,68.22117614746094,93.82592010498048,78.32238006591797,15.260000228881836,14.079999923706056
2019-12-03,67.86405944824219,94.66267395019533,78.470947265625,15.289999961853027,14.220000267028809
2019-12-04,68.37796020507812,94.29920959472656,78.50222778320312,15.56999969482422,14.210000038146973
2019-12-05,68.43893432617188,94.07946014404295,78.48657989501953,15.59000015258789,14.220000267028809
2019-12-06,69.04866790771484,93.79206085205078,78.51001739501953,15.710000038146973,14.0600004196167
2019-12-09,68.81348419189453,93.86813354492188,78.49439239501953,15.68000030517578,14.06999969482422
2019-12-10,68.75251007080078,93.75828552246094,78.51785278320312,15.760000228881836,14.100000381469728
2019-12-11,69.04866790771484,94.14708709716795,78.6507568359375,15.670000076293944,14.210000038146973
2019-12-12,69.68453979492188,93.40331268310548,78.54911804199219,15.8100004196167,14.149999618530272
2019-12-13,69.80648803710938,93.9526596069336,78.6820068359375,15.880000114440918,14.220000267028809
2019-12-16,70.39881134033203,93.51316833496094,78.6507568359375,16.059999465942383,14.220000267028809
2019-12-17,70.3726806640625,93.52161407470705,78.72112274169922,16.149999618530273,14.210000038146973
2019-12-18,70.39881134033203,93.26805877685548,78.72112274169922,16.149999618530273,14.220000267028809
2019-12-19,70.58172607421875,93.34085083007812,78.78849029541016,16.170000076293945,14.25
2019-12-20,70.79080200195312,93.34085083007812,78.74929809570312,16.1299991607666,14.220000267028809
2019-12-23,70.88821411132812,93.25621032714844,78.71798706054688,16.170000076293945,14.3100004196167
2019-12-24,70.86188507080078,93.4170150756836,78.75715637207031,16.239999771118164,14.4399995803833
2019-12-26,71.18663024902344,93.5524444580078,78.81979370117188,16.389999389648438,14.5600004196167
2019-12-27,71.27437591552734,93.6878662109375,78.85110473632812,16.3799991607666,14.550000190734863
2019-12-30,70.8531265258789,93.6286392211914,78.87459564208984,16.329999923706055,14.59000015258789
2019-12-31,71.08129119873047,93.2900390625,78.87459564208984,16.209999084472656,14.619999885559082
2020-01-02,71.80095672607422,93.72173309326172,78.99993133544922,16.290000915527344,14.710000038146973
2020-01-03,71.1515121459961,94.3480224609375,79.10957336425781,16.510000228881836,14.920000076293944
2020-01-06,71.41481018066406,94.2464828491211,79.07820129394531,16.510000228881836,15.079999923706056
2020-01-07,71.19539642333984,94.11105346679688,78.99209594726562,16.459999084472656,15.140000343322754
2020-01-08,71.48503112792969,93.89103698730467,78.92158508300781,16.149999618530273,15.020000457763672
2020-01-09,71.83606719970703,93.95875549316406,78.92158508300781,16.030000686645508,14.93000030517578
2020-01-10,71.68688201904297,94.16185760498048,78.95294189453125,16.020000457763672,15.020000457763672
2020-01-13,72.19589233398438,94.05182647705078,78.98426818847656,15.859999656677246,14.90999984741211
2020-01-14,72.16958618164062,94.23802185058594,78.99209594726562,15.949999809265137,14.890000343322754
2020-01-15,72.1783676147461,94.47501373291016,78.99209594726562,15.869999885559082,14.979999542236328
2020-01-16,72.6961898803711,94.28033447265624,78.99993133544922,15.850000381469728,14.960000038146973
2020-01-17,72.91558837890625,94.20421600341795,78.9764175415039,15.90999984741211,14.989999771118164
2020-01-21,72.45043182373047,94.57657623291016,79.04692077636719,15.8100004196167,15.0
2020-01-22,72.54698181152344,94.5935287475586,78.98426818847656,15.579999923706056,15.010000228881836
2020-01-23,72.46797943115234,94.8305206298828,79.00775909423828,15.40999984741211,15.050000190734863
2020-01-24,71.89751434326172,95.1690673828125,78.98426818847656,15.149999618530272,15.130000114440918
2020-01-27,70.5634765625,95.81234741210938,79.00775909423828,14.789999961853027,15.239999771118164
2020-01-28,71.25682830810547,95.49070739746094,78.99993133544922,14.920000076293944,15.109999656677246
2020-01-29,71.18663024902344,95.94774627685548,79.10173034667969,14.829999923706056,15.1899995803833
2020-01-30,71.18663024902344,96.0408706665039,79.14093017578125,14.68000030517578,15.1899995803833
2020-01-31,69.97545623779297,96.52332305908205,79.26619720458984,14.489999771118164,15.270000457763672
2020-02-03,70.36161804199219,96.44107818603516,79.13060760498047,14.15999984741211,15.18000030517578
2020-02-04,71.52011108398438,95.8817138671875,79.02873992919922,14.18000030517578,14.970000267028809
2020-02-05,72.16958618164062,95.46643829345705,79.0365982055664,14.4399995803833,15.0
2020-02-06,72.39781188964844,95.53424072265624,79.02873992919922,14.460000038146973,15.079999923706056
2020-02-07,71.80976104736328,95.99188995361328,79.17764282226562,14.369999885559082,15.109999656677246
2020-02-10,72.1871566772461,96.1783447265625,79.21682739257812,14.210000038146973,15.149999618530272
2020-02-11,72.54698181152344,95.94950103759766,79.1697998046875,14.300000190734863,15.09000015258789
2020-02-12,72.99458312988281,95.7037582397461,79.1697998046875,14.56999969482422,15.09000015258789
2020-02-13,72.73128509521484,95.78848266601562,79.2090072631836,14.579999923706056,15.170000076293944
2020-02-14,72.78392791748047,96.0257797241211,79.24031829833984,14.670000076293944,15.239999771118164
2020-02-18,72.46797943115234,96.1783447265625,79.279541015625,14.729999542236328,15.4399995803833
2020-02-19,72.85416412353516,96.16141510009766,79.29518127441406,14.920000076293944,15.529999732971191
2020-02-20,72.45043182373047,96.44107818603516,79.32656860351562,14.899999618530272,15.59000015258789
2020-02-21,71.86239624023438,96.8309555053711,79.39707946777344,14.800000190734863,15.829999923706056
2020-02-24,69.3962173461914,97.5852508544922,79.4990005493164,14.369999885559082,15.979999542236328
2020-02-25,67.7461929321289,97.85646057128906,79.45978546142578,14.109999656677246,15.6899995803833
2020-02-26,67.63211059570312,97.80562591552734,79.47545623779297,13.890000343322754,15.760000228881836
2020-02-27,65.13079071044922,98.2802505493164,79.5459976196289,13.550000190734863,15.760000228881836
2020-02-28,64.92017364501953,99.38206481933594,79.53031921386719,13.359999656677246,15.18000030517578
2020-03-02,66.7017822265625,99.31417083740234,79.57733917236328,13.739999771118164,15.270000457763672
2020-03-03,65.4116439819336,100.4681625366211,79.93785858154297,13.75,15.75
2020-03-04,67.5970230102539,100.24755096435548,79.93785858154297,13.720000267028809,15.779999732971191
2020-03-05,65.66617584228516,101.1385498046875,80.01622772216797,13.5,16.1200008392334
2020-03-06,64.50765991210938,102.16527557373048,79.8594741821289,12.829999923706056,16.110000610351562
2020-03-09,59.41724395751953,103.08171081542967,78.9425277709961,11.279999732971191,16.15999984741211
2020-03-10,62.11164855957031,101.18946075439452,78.25288391113281,11.8100004196167,15.829999923706056
2020-03-11,59.03987121582031,100.1797103881836,76.90492248535156,11.5,15.760000228881836
2020-03-12,53.0015983581543,100.23058319091795,76.77948760986328,10.90999984741211,15.140000343322754
2020-03-13,57.22311019897461,99.5771942138672,77.43782806396484,11.149999618530272,14.670000076293944
2020-03-16,50.56171417236328,102.20770263671876,76.48950958251953,10.25,14.529999732971191
2020-03-17,53.46675491333008,99.64510345458984,76.25444030761719,10.0,14.720000267028809
2020-03-18,50.06145477294922,98.26195526123048,75.78417205810547,9.43000030517578,14.380000114440918
2020-03-19,50.55294418334961,98.5844268798828,76.57575988769531,9.859999656677246,14.119999885559082
2020-03-20,49.17502212524414,101.09610748291016,77.42998504638672,9.640000343322754,14.34000015258789
2020-03-23,48.003997802734375,102.2925796508789,77.70428466796875,9.65999984741211,14.960000038146973
2020-03-24,52.39202880859375,101.59676361083984,77.8531494140625,9.9399995803833,15.760000228881836
2020-03-25,53.5903549194336,101.65618133544922,78.22937774658203,9.970000267028809,15.479999542236328
2020-03-26,56.30425262451172,101.9022216796875,78.58987426757812,9.81999969482422,15.720000267028809
2020-03-27,54.42744445800781,102.6574249267578,78.5271987915039,9.609999656677246,15.609999656677246
2020-03-30,55.87249755859375,102.8950424194336,78.21369934082031,9.350000381469728,15.619999885559082
2020-03-31,55.33499526977539,103.08171081542967,78.29207611083984,9.300000190734863,15.149999618530272
2020-04-01,52.89428329467773,103.50142669677734,78.38390350341797,9.130000114440918,15.3100004196167
2020-04-02,53.978065490722656,103.5183563232422,78.98052215576172,9.65999984741211,15.550000190734863
2020-04-03,53.035255432128906,103.59484100341795,79.27098846435547,10.18000030517578,15.630000114440918
2020-04-06,56.2866325378418,103.1275863647461,79.32594299316406,10.039999961853027,16.059999465942383
2020-04-07,56.49810028076172,102.6688003540039,79.27098846435547,9.920000076293944,15.960000038146973
2020-04-08,57.85504531860352,102.54141235351562,79.16893768310547,10.109999656677246,15.829999923706056
2020-04-09,58.93001556396485,102.76229095458984,79.53003692626953,9.869999885559082,16.200000762939453
2020-04-13,58.401344299316406,102.54141235351562,79.67134094238281,9.880000114440918,16.540000915527344
2020-04-14,59.80235290527344,102.6772918701172,79.66353607177734,9.609999656677246,16.610000610351562
2020-04-15,58.24272918701172,103.59484100341795,79.6085433959961,9.359999656677246,16.600000381469727
2020-04-16,58.47182846069336,103.70528411865234,79.31806945800781,9.390000343322754,16.540000915527344
2020-04-17,60.01382064819336,103.43343353271484,79.23957824707031,9.34000015258789,16.239999771118164
2020-04-20,59.11503982543945,103.70528411865234,78.9883804321289,8.9399995803833,16.34000015258789
2020-04-21,57.44091796875,103.99415588378906,78.99622344970703,8.010000228881836,16.229999542236328
2020-04-22,58.700927734375,103.67129516601562,79.27098846435547,8.170000076293945,16.579999923706055
2020-04-23,58.65687561035156,103.7392807006836,79.17677307128906,8.420000076293945,16.700000762939453
2020-04-24,59.30010223388672,103.76472473144533,79.31806945800781,8.350000381469727,16.649999618530273
2020-04-27,60.30457305908203,103.21255493164062,79.34950256347656,7.960000038146973,16.540000915527344
2020-04-28,60.30457305908203,103.66282653808594,79.42012786865234,7.929999828338623,16.440000534057617
2020-04-29,62.02279281616211,103.61182403564452,79.47509002685547,8.140000343322754,16.530000686645508
2020-04-30,61.07115936279297,103.36548614501952,79.38087463378906,8.479999542236328,16.25
2020-05-01,59.48515319824219,103.50833129882812,79.35334014892578,8.479999542236328,16.3700008392334
2020-05-04,59.66136932373047,103.52532958984376,79.39268493652344,8.640000343322754,16.420000076293945
2020-05-05,60.084320068359375,103.44880676269533,79.43993377685547,9.0600004196167,16.459999084472656
2020-05-06,59.73184967041016,103.0661163330078,79.43993377685547,8.850000381469727,16.280000686645508
2020-05-07,60.54248809814453,103.6954116821289,79.62097930908203,8.869999885559082,16.530000686645508
2020-05-08,61.608642578125,103.35523223876952,79.64459991455078,9.09000015258789,16.420000076293945
2020-05-11,61.59986114501953,103.0661163330078,79.62884521484375,8.960000038146973,16.31999969482422
2020-05-12,60.54248809814453,103.4062728881836,79.60523986816406,8.899999618530273,16.389999389648438
2020-05-13,59.69660568237305,103.6188735961914,79.58948516845703,8.779999732971191,16.530000686645508
2020-05-14,59.9697494506836,103.78047943115234,79.58948516845703,9.020000457763672,16.690000534057617
2020-05-15,60.084320068359375,103.7124252319336,79.6603775024414,9.149999618530272,16.790000915527344
2020-05-18,62.19899368286133,103.07460021972656,79.80205535888672,9.510000228881836,16.670000076293945
2020-05-19,61.57339096069336,103.36380767822266,79.84141540527344,9.510000228881836,16.799999237060547
2020-05-20,62.63956069946289,103.38929748535156,79.857177734375,9.720000267028809,16.84000015258789
2020-05-21,62.10209274291992,103.45732879638672,79.91227722167969,9.6899995803833,16.610000610351562
2020-05-22,62.0403938293457,103.6529312133789,79.88078308105469,9.56999969482422,16.709999084472656
2020-05-26,63.22111129760742,103.38078308105467,79.89651489257812,9.65999984741211,16.479999542236328
2020-05-27,64.07582092285156,103.46582794189452,79.89651489257812,9.56999969482422,16.5
2020-05-28,64.111083984375,103.37224578857422,79.98312377929688,9.579999923706056,16.540000915527344
2020-05-29,64.25204467773438,103.70394134521484,80.06182098388672,9.81999969482422,16.68000030517578
2020-06-01,65.080322265625,103.6630859375,80.07758331298828,9.859999656677246,16.760000228881836
2020-06-02,65.80284118652344,103.49283599853516,80.09335327148438,10.020000457763672,16.6299991607666
2020-06-03,66.9747543334961,102.8798828125,80.06182098388672,10.029999732971191,16.329999923706055
2020-06-04,66.64871978759766,102.47124481201172,80.07758331298828,10.109999656677246,16.520000457763672
2020-06-05,68.25237274169922,101.9604949951172,80.18777465820312,10.399999618530272,16.170000076293945
2020-06-08,69.1070785522461,102.0711898803711,80.2428970336914,10.270000457763672,16.34000015258789
2020-06-09,68.38455200195312,102.43720245361328,80.30587768554688,10.289999961853027,16.5
2020-06-10,68.181884765625,103.20337677001952,80.51842498779297,10.420000076293944,16.719999313354492
2020-06-11,64.29609680175781,103.56944274902344,80.32951354980469,9.949999809265137,16.6200008392334
2020-06-12,65.26535034179688,103.3395767211914,80.34524536132812,10.029999732971191,16.670000076293945
2020-06-15,65.66187286376953,103.25446319580078,80.38460540771484,10.109999656677246,16.6200008392334
2020-06-16,66.7809066772461,103.0416259765625,80.46331024169922,10.239999771118164,16.600000381469727
2020-06-17,66.6839828491211,103.20337677001952,80.40824127197266,10.1899995803833,16.6299991607666
2020-06-18,66.62230682373047,103.4332504272461,80.4869613647461,10.3100004196167,16.610000610351562
2020-06-19,66.31391143798828,103.46732330322266,80.53417205810547,10.350000381469728,16.790000915527344
2020-06-22,66.89823150634766,103.3736343383789,80.57353973388672,10.479999542236328,16.8799991607666
2020-06-23,67.17269134521484,103.3395767211914,80.62865447998047,10.449999809265137,17.030000686645508
2020-06-24,65.56134033203125,103.53536987304688,80.51057434082031,10.140000343322754,17.0
2020-06-25,66.29619598388672,103.55239868164062,80.4869613647461,10.229999542236328,16.959999084472656
2020-06-26,65.02128601074219,103.83336639404295,80.47123718261719,10.039999961853027,17.040000915527344
2020-06-29,65.80037689208984,103.93548583984376,80.57353973388672,10.3100004196167,17.059999465942383
2020-06-30,66.22537231445312,103.74820709228516,80.60505676269531,10.369999885559082,17.139999389648438
2020-07-01,66.66805267333984,103.58633422851562,80.57353973388672,10.449999809265137,17.049999237060547
2020-07-02,67.27009582519531,103.71416473388672,80.69949340820312,10.529999732971191,17.079999923706055
2020-07-06,68.50960540771484,103.5607681274414,80.76246643066406,10.609999656677246,17.190000534057617
2020-07-07,67.70394134521484,103.89307403564452,80.75460815429688,10.600000381469728,17.299999237060547
2020-07-08,68.37681579589844,103.7311553955078,80.69161987304688,10.710000038146973,17.40999984741211
2020-07-09,67.94294738769531,104.06348419189452,80.68373107910156,10.579999923706056,17.3700008392334
2020-07-10,68.49188995361328,103.85897827148438,80.71525573730469,10.720000267028809,17.31999969482422
2020-07-13,67.94294738769531,103.96974182128906,80.7388687133789,10.520000457763672,17.329999923706055
2020-07-14,68.73979949951172,103.96121978759766,80.77823638916016,10.600000381469728,17.43000030517578
2020-07-15,69.46578979492188,103.92717742919922,80.80186462402344,10.710000038146973,17.43000030517578
2020-07-16,69.07622528076172,104.00384521484376,80.84119415283203,10.68000030517578,17.280000686645508
2020-07-17,69.32413482666016,103.978271484375,80.88842010498047,10.649999618530272,17.43000030517578
2020-07-20,69.88191986083984,104.04644012451172,80.92781066894531,10.649999618530272,17.510000228881836
2020-07-21,70.14752960205078,104.15724182128906,81.03802490234375,10.8100004196167,17.709999084472656
2020-07-22,70.43084716796875,104.1912612915039,81.06952667236328,10.81999969482422,17.989999771118164
2020-07-23,69.68714904785156,104.29352569580078,81.01441192626953,10.800000190734863,18.13999938964844
2020-07-24,69.31527709960938,104.2424087524414,80.97503662109375,10.8100004196167,18.299999237060547
2020-07-27,70.05897521972656,104.0805206298828,80.94355010986328,10.850000381469728,18.65999984741211
2020-07-28,69.58088684082031,104.32762145996094,80.99079895019531,10.770000457763672,18.81999969482422
2020-07-29,70.46623992919922,104.46393585205078,81.05376434326172,10.859999656677246,18.950000762939453
2020-07-30,70.00587463378906,104.60881042480467,81.077392578125,10.65999984741211,18.81999969482422
2020-07-31,69.73140716552734,104.63436889648438,81.15608978271484,10.75,18.989999771118164
2020-08-03,70.54594421386719,104.58321380615234,81.3056869506836,10.859999656677246,19.0
2020-08-04,70.90010070800781,104.94135284423828,81.35289001464844,10.920000076293944,19.420000076293945
2020-08-05,71.37818908691406,104.59173583984376,81.47097778320312,11.050000190734863,19.600000381469727
2020-08-06,71.68805694580078,104.71112060546876,81.52611541748047,11.020000457763672,19.850000381469727
2020-08-07,71.44017791748047,104.4894027709961,81.43950653076172,10.90999984741211,19.530000686645508
2020-08-10,71.63494110107422,104.37852478027344,81.40804290771484,10.979999542236328,19.479999542236328
2020-08-11,71.4135971069336,104.02033233642578,81.40013885498047,10.869999885559082,18.440000534057617
2020-08-12,72.4848861694336,103.71334838867188,81.54972839355469,11.0,18.36000061035156
2020-08-13,72.29011535644531,103.5001983642578,81.533935546875,11.029999732971191,18.770000457763672
2020-08-14,72.15730285644531,103.55136108398438,81.54185485839844,11.029999732971191,18.700000762939453
2020-08-17,72.59999084472656,103.72191619873048,81.5811996459961,11.1899995803833,19.09000015258789
2020-08-18,72.66197204589844,103.90095520019533,81.65991973876953,11.15999984741211,19.270000457763672
2020-08-19,72.2989730834961,103.7645263671875,81.57334899902344,11.1899995803833,18.670000076293945
2020-08-20,72.31668090820312,104.0630111694336,81.56546783447266,11.149999618530272,18.770000457763672
2020-08-21,72.38751983642578,104.1397705078125,81.64417266845703,11.0600004196167,18.63999938964844
2020-08-24,73.14007568359375,103.99479675292967,81.722900390625,11.119999885559082,18.530000686645508
2020-08-25,73.3968276977539,103.7475128173828,81.77799987792969,11.260000228881836,18.549999237060547
2020-08-26,73.97232818603516,103.70481872558594,81.90399169921875,11.270000457763672,18.780000686645508
2020-08-27,73.80409240722656,103.33817291259766,81.86460876464844,11.210000038146973,18.559999465942383
2020-08-28,74.34415435791016,103.50872802734376,82.00630950927734,11.279999732971191,18.88999938964844
2020-08-31,73.91918182373047,103.61957550048828,82.06928253173828,11.25,18.940000534057617
2020-09-01,74.47695922851562,103.95922088623048,82.02204895019531,11.279999732971191,18.950000762939453
2020-09-02,75.31806945800781,104.10427856445312,81.95121765136719,11.050000190734863,18.690000534057617
2020-09-03,73.06037139892578,104.24085235595705,81.80950164794922,10.979999542236328,18.540000915527344
2020-09-04,72.78592681884766,103.66056060791016,81.79376220703125,10.829999923706056,18.6200008392334
2020-09-08,71.10372924804688,103.88240051269533,81.78587341308594,10.470000267028809,18.559999465942383
2020-09-09,72.40520477294922,103.83122253417967,81.81736755371094,10.609999656677246,18.75
2020-09-10,71.38705444335938,103.95922088623048,81.80950164794922,10.470000267028809,18.68000030517578
2020-09-11,71.67035675048828,104.1213607788086,81.83311462402344,10.56999969482422,18.690000534057617
2020-09-14,72.57342529296875,104.02748107910156,81.84099578857422,10.529999732971191,18.82999992370605
2020-09-15,72.99842071533203,103.97626495361328,81.85673522949219,10.609999656677246,18.790000915527344
2020-09-16,72.87445068359375,103.91653442382812,81.94335174560547,10.84000015258789,18.84000015258789
2020-09-17,72.4848861694336,103.9506607055664,81.96694946289062,10.979999542236328,18.729999542236328
2020-09-18,71.84744262695312,103.85682678222656,81.99060821533203,11.010000228881836,18.75
2020-09-21,70.8001480102539,104.04456329345705,81.83311462402344,10.75,18.3700008392334
2020-09-22,71.12937927246094,104.04456329345705,81.848876953125,10.6899995803833,18.299999237060547
2020-09-23,69.75910949707031,104.04456329345705,81.80167388916016,10.630000114440918,17.90999984741211
2020-09-24,69.79469299316406,104.09575653076172,81.76223754882812,10.699999809265137,17.969999313354492
2020-09-25,70.5599365234375,104.18109130859376,81.79376220703125,10.720000267028809,17.90999984741211
2020-09-28,71.67215728759766,104.16403198242188,81.90399169921875,10.800000190734863,18.100000381469727
2020-09-29,71.41410827636719,104.24085235595705,81.9748306274414,10.579999923706056,18.25
2020-09-30,71.75221252441406,103.95922088623048,81.91972351074219,10.75,18.149999618530277
2020-10-01,72.33060455322266,104.0181121826172,81.91496276855469,10.550000190734863,18.309999465942383
2020-10-02,71.86791229248047,103.91565704345705,81.88336181640625,10.369999885559082,18.290000915527344
2020-10-05,73.05132293701172,103.25811004638672,81.9070816040039,10.720000267028809,18.3799991607666
2020-10-06,72.30390930175781,103.49725341796876,81.92288208007812,10.789999961853027,18.15999984741211
2020-10-07,73.32715606689453,103.19834899902344,81.9782485961914,10.859999656677246,18.13999938964844
2020-10-08,73.93219757080078,103.38621520996094,82.06525421142578,11.0,18.209999084472656
2020-10-09,74.49276733398438,103.3349838256836,82.08895874023438,11.029999732971191,18.540000915527344
2020-10-12,75.31136322021484,103.4459991455078,82.06525421142578,10.859999656677246,18.5
2020-10-13,74.82199096679688,103.67656707763672,82.00988006591797,10.920000076293944,18.209999084472656
2020-10-14,74.49276733398438,103.71072387695312,82.00199127197266,11.029999732971191,18.25
2020-10-15,74.13685607910156,103.59972381591795,82.00988006591797,11.09000015258789,18.32999992370605
2020-10-16,74.17242431640625,103.53994750976562,82.03363800048828,11.029999732971191,18.25
2020-10-19,73.46949768066406,103.3691635131836,81.98616027832031,10.989999771118164,18.270000457763672
2020-10-20,73.81652069091797,103.14710998535156,82.02568817138672,11.09000015258789,18.36000061035156
2020-10-21,73.6296615600586,103.01051330566406,82.01778411865234,10.979999542236328,18.51000022888184
2020-10-22,73.91439056396484,102.65185546875,82.0415267944336,11.020000457763672,18.31999969482422
2020-10-23,74.25252532958984,102.79701232910156,81.9940414428711,10.93000030517578,18.309999465942383
2020-10-26,72.9356460571289,103.07029724121094,81.9782485961914,10.75,18.299999237060547
2020-10-27,72.62419891357422,103.3008270263672,81.9940414428711,10.869999885559082,18.350000381469727
2020-10-28,70.37305450439453,103.29229736328124,81.92288208007812,10.550000190734863,18.040000915527344
2020-10-29,70.98699188232422,102.85676574707033,81.820068359375,10.40999984741211,17.979999542236328
2020-10-30,70.28409576416016,102.52373504638672,81.78844451904297,10.380000114440918,18.049999237060547
2020-11-02,71.15609741210938,102.69976806640624,81.82333374023438,10.550000190734863,18.21999931335449
2020-11-03,72.49964904785156,102.46904754638672,81.86297607421875,10.640000343322754,18.32999992370605
2020-11-04,73.86100769042969,103.33208465576172,81.80747985839844,10.800000190734863,18.309999465942383
2020-11-05,75.42700958251953,103.31501770019533,81.82333374023438,10.800000190734863,18.739999771118164
2020-11-06,75.51602172851562,102.96466064453124,81.73609161376953,10.640000343322754,18.76000022888184
2020-11-09,76.72610473632812,102.20417022705078,81.83129119873047,10.920000076293944,17.950000762939453
2020-11-10,76.77949523925781,101.91362762451172,81.93435668945312,11.18000030517578,18.0
2020-11-11,77.2689208984375,102.07598876953124,81.93435668945312,11.15999984741211,17.93000030517578
2020-11-12,76.4502944946289,102.6570053100586,81.9184799194336,11.079999923706056,18.020000457763672
2020-11-13,77.52693939208984,102.5203628540039,81.9184799194336,11.010000228881836,18.15999984741211
2020-11-16,78.51457214355469,102.44342803955078,81.93435668945312,11.140000343322754,18.13999938964844
2020-11-17,78.35443115234375,102.70834350585938,81.95812225341797,11.18000030517578,18.07999992370605
2020-11-18,77.67818450927734,102.6741180419922,81.95024108886719,11.210000038146973,17.989999771118164
2020-11-19,78.15866088867188,102.78522491455078,81.98192596435547,11.199999809265137,17.940000534057617
2020-11-20,78.03408813476562,102.96466064453124,81.99778747558594,11.289999961853027,18.010000228881836
2020-11-23,78.41671752929688,102.75959777832033,82.02159118652344,11.369999885559082,17.65999984741211
2020-11-24,79.60902404785156,102.59725189208984,82.10090637207031,11.609999656677246,17.3700008392334
2020-11-25,79.48445129394531,102.63138580322266,82.14846801757812,11.699999809265137,17.360000610351562
2020-11-27,79.87596893310547,102.93901824951172,82.21195220947266,11.6899995803833,17.18000030517578
2020-11-30,78.97726440429688,102.8706512451172,82.2357406616211,11.649999618530272,17.079999923706055
2020-12-01,80.15178680419922,102.32340240478516,82.20157623291016,11.56999969482422,17.450000762939453
2020-12-02,80.20516967773438,102.15240478515624,82.28099060058594,11.649999618530272,17.579999923706055
2020-12-03,80.47210693359375,102.42604064941406,82.36040496826172,11.65999984741211,17.700000762939453
2020-12-04,81.24623107910156,102.02420043945312,82.42393493652344,11.699999809265137,17.65999984741211
2020-12-07,80.9881820678711,102.3405532836914,82.51924133300781,11.630000114440918,17.90999984741211
2020-12-08,81.24623107910156,102.4431610107422,82.52717590332031,11.640000343322754,17.979999542236328
2020-12-09,80.74794006347656,102.29777526855467,82.49541473388672,11.670000076293944,17.68000030517578
2020-12-10,80.97929382324219,102.52864837646484,82.55894470214844,11.880000114440918,17.639999389648438
2020-12-11,80.76576232910156,102.73384857177734,82.57483673095703,11.859999656677246,17.68000030517578
2020-12-14,80.58780670166016,102.67399597167967,82.6145248413086,11.890000343322754,17.56999969482422
2020-12-15,81.62881469726562,102.57137298583984,82.68599700927734,11.979999542236328,17.829999923706055
2020-12-16,81.82457733154297,102.48591613769533,82.74160766601562,12.039999961853027,17.920000076293945
2020-12-17,82.34956359863281,102.41146087646484,82.77971649169922,12.1899995803833,18.1200008392334
2020-12-18,82.09151458740234,102.32589721679688,82.78767395019531,12.260000228881836,18.09000015258789
2020-12-21,81.50253295898438,102.3943328857422,82.78767395019531,12.09000015258789,18.030000686645508
2020-12-22,81.42195129394531,102.56546783447266,82.78767395019531,11.970000267028809,17.889999389648438
2020-12-23,81.79791259765625,102.35157012939452,82.85124206542969,12.130000114440918,18.010000228881836
2020-12-24,81.98590087890625,102.49703979492188,82.83534240722656,12.18000030517578,18.06999969482422
2020-12-28,82.36184692382812,102.50557708740234,82.8432846069336,12.109999656677246,18.010000228881836
2020-12-29,82.52298736572266,102.48844146728516,82.8432846069336,12.140000343322754,18.059999465942383
2020-12-30,82.8094253540039,102.55691528320312,82.87503814697266,12.220000267028809,18.200000762939453
2020-12-31,82.87210083007812,102.62537384033205,82.96245574951172,12.329999923706056,18.280000686645508
2021-01-04,82.39767456054688,102.65104675292967,83.04190063476562,12.239999771118164,18.690000534057617
2021-01-05,83.30174255371094,102.41146087646484,83.09750366210938,12.670000076293944,18.729999542236328
2021-01-06,83.89256286621094,101.8125457763672,83.08160400390625,12.6899995803833,18.450000762939453
2021-01-07,84.74293518066406,101.4532470703125,83.2325439453125,12.710000038146973,18.38999938964844
2021-01-08,85.51274108886719,101.16233825683594,83.17692565917969,12.890000343322754,17.770000457763672
2021-01-11,84.74293518066406,100.96556854248048,83.1133804321289,12.779999732971191,17.739999771118164
2021-01-12,85.06520080566406,100.94844818115234,83.1133804321289,13.029999732971191,17.84000015258789
2021-01-13,85.13679504394531,101.29922485351562,83.10545349121094,12.960000038146973,17.760000228881836
2021-01-14,85.2800064086914,101.06822204589844,83.17692565917969,13.109999656677246,17.75
2021-01-15,84.39382934570312,101.34201049804688,83.2325439453125,12.920000076293944,17.549999237060547
2021-01-19,85.12782287597656,101.4018783569336,83.31200408935547,12.960000038146973,17.68000030517578
2021-01-20,86.15725708007812,101.44468688964844,83.39938354492188,12.989999771118164,17.979999542236328
2021-01-21,86.18411254882812,101.29922485351562,83.47090911865234,12.960000038146973,17.969999313354492
2021-01-22,85.78129577636719,101.4532470703125,83.39938354492188,12.770000457763672,17.829999923706055
2021-01-25,85.96927642822266,101.86388397216795,83.4231948852539,12.9399995803833,17.84000015258789
2021-01-26,85.71863555908203,101.82967376708984,83.43116760253906,12.989999771118164,17.799999237060547
2021-01-27,83.65980529785156,101.949462890625,83.38350677490234,12.949999809265137,17.690000534057617
2021-01-28,84.34009552001953,101.68423461914062,83.40734100341797,12.880000114440918,17.709999084472656
2021-01-29,82.6841049194336,101.50454711914062,83.38350677490234,12.90999984741211,17.700000762939453
2021-02-01,84.09841918945312,101.63125610351562,83.38350677490234,13.130000114440918,17.850000381469727
2021-02-02,85.26211547851562,101.37443542480467,83.4231948852539,13.199999809265137,17.649999618530273
2021-02-03,85.39640045166016,101.12616729736328,83.47090911865234,13.329999923706056,17.6200008392334
2021-02-04,85.98716735839844,101.09191131591795,83.47090911865234,13.40999984741211,17.239999771118164
2021-02-05,86.51531982421875,100.87789154052734,83.5185775756836,13.520000457763672,17.40999984741211
2021-02-08,87.11504364013672,100.92066955566406,83.55826568603516,13.739999771118164,17.579999923706055
2021-02-09,87.38359069824219,100.99773406982422,83.54238891601562,13.770000457763672,17.6299991607666
2021-02-10,87.3746337890625,101.25457763671876,83.56622314453125,13.710000038146973,17.700000762939453
2021-02-11,87.82221984863281,101.17750549316406,83.59801483154297,13.699999809265137,17.540000915527344
2021-02-12,88.24295043945312,100.8436508178711,83.6138916015625,13.920000076293944,17.5
2021-02-16,88.35930633544922,100.11592864990234,83.5185775756836,14.06999969482422,17.239999771118164
2021-02-17,88.07286071777344,100.1844253540039,83.5185775756836,14.170000076293944,17.049999237060547
2021-02-18,87.59843444824219,100.17584991455078,83.40734100341797,14.09000015258789,17.059999465942383
2021-02-19,87.82221984863281,99.77344512939452,83.37557220458984,14.039999961853027,17.1299991607666
2021-02-22,86.88233184814453,99.61078643798828,83.5185775756836,14.350000381469728,17.3799991607666
2021-02-23,87.0434341430664,99.6878433227539,83.60594940185547,14.4399995803833,17.350000381469727
2021-02-24,87.59843444824219,99.55087280273438,83.63770294189453,14.640000343322754,17.31999969482422
2021-02-25,85.60225677490234,98.223876953125,83.2246322631836,14.539999961853027,17.010000228881836
2021-02-26,84.89509582519531,99.10567474365234,83.52650451660156,14.239999771118164,16.600000381469727
2021-03-01,86.90917205810547,98.99431610107422,83.6456527709961,14.100000381469728,16.549999237060547
2021-03-02,86.3452377319336,99.17420196533205,83.81249237060547,14.09000015258789,16.639999389648438
2021-03-03,85.43218994140625,98.64309692382812,83.7966079711914,14.170000076293944,16.479999542236328
2021-03-04,84.18795776367188,98.15479278564452,83.69332122802734,14.420000076293944,16.309999465942383
2021-03-05,85.34268951416016,98.0177764892578,83.72510528564453,14.75,16.309999465942383
2021-03-08,84.7339859008789,97.63225555419922,83.51062774658203,14.510000228881836,16.149999618530273
2021-03-09,86.04984283447266,98.09484100341795,83.60594940185547,14.449999809265137,16.489999771118164
2021-03-10,86.45266723632812,98.3004379272461,83.78072357177734,14.520000457763672,16.56999969482422
2021-03-11,87.56261444091797,98.26618194580078,83.99523162841797,14.760000228881836,16.549999237060547
2021-03-12,87.5715560913086,97.55511474609376,83.90784454345703,14.68000030517578,16.549999237060547
2021-03-15,87.9385757446289,97.675048828125,83.97138977050781,14.65999984741211,16.6299991607666
2021-03-16,87.86697387695312,97.65796661376952,84.09054565429688,14.579999923706056,16.639999389648438
2021-03-17,88.24295043945312,97.49517059326172,84.1143569946289,14.59000015258789,16.760000228881836
2021-03-18,86.95390319824219,96.886962890625,83.82840728759766,13.859999656677246,16.68000030517578
2021-03-19,87.0434341430664,96.82697296142578,83.82042694091797,14.199999809265137,16.75
2021-03-22,87.43205261230469,97.1439437866211,83.88399505615234,14.140000343322754,16.700000762939453
2021-03-23,86.34609985351562,97.62367248535156,83.85224914550781,13.68000030517578,16.59000015258789
2021-03-24,85.65504455566406,97.75214385986328,84.01904296875,14.0600004196167,16.649999618530273
2021-03-25,86.14865112304688,97.62367248535156,84.07464599609375,13.779999732971191,16.59000015258789
2021-03-26,87.49485778808594,97.29814910888672,84.14616394042969,14.140000343322754,16.6299991607666
2021-03-29,87.1628189086914,96.96405792236328,84.06670379638672,14.170000076293944,16.440000534057617
2021-03-30,87.1448745727539,96.8783950805664,83.97138977050781,13.9399995803833,16.15999984741211
2021-03-31,87.31536865234375,96.74134826660156,83.98725128173828,13.970000267028809,16.399999618530273
2021-04-01,88.46412658691406,97.16990661621094,84.0923843383789,14.140000343322754,16.6200008392334
2021-04-05,89.478271484375,96.8956298828125,83.98089599609375,13.890000343322754,16.59000015258789
2021-04-06,89.2898178100586,97.36705780029295,84.02071380615234,13.970000267028809,16.739999771118164
2021-04-07,89.1551742553711,97.30706024169922,84.1082992553711,14.020000457763672,16.68000030517578
2021-04-08,89.7206039428711,97.641357421875,84.17998504638672,14.130000114440918,16.8700008392334
2021-04-09,90.05265808105469,97.38420867919922,84.14811706542969,14.06999969482422,16.75
2021-04-12,89.86420440673828,97.3241958618164,84.17203521728516,14.010000228881836,16.639999389648438
2021-04-13,90.20525360107422,97.72704315185548,84.27556610107422,14.170000076293944,16.75
2021-04-14,90.16935729980467,97.60708618164062,84.29942321777344,14.489999771118164,16.68000030517578
2021-04-15,91.03990173339844,98.23283386230467,84.36312866210938,14.609999656677246,16.950000762939453
2021-04-16,91.3899154663086,97.96712493896484,84.3233413696289,14.579999923706056,17.06999969482422
2021-04-19,90.9770736694336,97.8642349243164,84.31533813476562,14.609999656677246,17.010000228881836
2021-04-20,89.95396423339844,98.15567779541016,84.31533813476562,14.59000015258789,17.06999969482422
2021-04-21,90.86939239501952,98.20712280273438,84.29147338867188,14.5,17.229999542236328
2021-04-22,90.29498291015624,98.28425598144533,84.30738067626953,14.630000114440918,17.139999389648438
2021-04-23,91.34503173828124,98.15567779541016,84.33128356933594,14.739999771118164,17.06999969482422
2021-04-26,91.61426544189452,98.05278778076172,84.35515594482422,14.869999885559082,17.100000381469727
2021-04-27,91.51556396484376,97.66705322265624,84.41090393066406,14.979999542236328,17.06999969482422
2021-04-28,91.68608856201172,97.79562377929688,84.6737060546875,15.039999961853027,17.110000610351562
2021-04-29,91.89250183105467,97.62423706054688,84.72944641113281,15.170000076293944,17.040000915527344
2021-04-30,90.92322540283205,97.70993041992188,84.7135238647461,15.100000381469728,16.979999542236328
2021-05-03,91.34503173828124,97.87630462646484,84.8589859008789,15.1899995803833,17.219999313354492
2021-05-04,90.45652770996094,98.00499725341795,84.97087097167969,15.40999984741211,17.09000015258789
2021-05-05,90.86040496826172,98.12507629394533,85.15469360351562,15.43000030517578,17.170000076293945
2021-05-06,91.4617156982422,98.16799926757812,85.08277893066406,15.5,17.43000030517578
2021-05-07,92.32329559326172,98.20230865478516,85.1307601928711,15.5600004196167,17.59000015258789
2021-05-10,91.3899154663086,98.00499725341795,85.18669891357422,15.510000228881836,17.65999984741211
2021-05-11,90.59114837646484,97.84202575683594,85.09077453613281,15.630000114440918,17.65999984741211
2021-05-12,88.63465881347656,97.37027740478516,85.17868041992188,15.630000114440918,17.479999542236328
2021-05-13,89.46033477783203,97.69621276855467,85.09877014160156,15.220000267028809,17.559999465942383
2021-05-14,90.9052734375,97.91062927246094,85.28262329101562,15.3100004196167,17.709999084472656
2021-05-17,90.72576904296876,97.81629180908205,85.41847229003906,15.520000457763672,17.93000030517578
2021-05-18,90.56422424316406,97.81629180908205,85.42648315429688,15.43000030517578,17.950000762939453
2021-05-19,90.08856964111328,97.52469635009766,85.10675811767578,15.100000381469728,17.959999084472656
2021-05-20,91.12066650390624,97.92779541015624,85.09877014160156,14.90999984741211,18.049999237060547
2021-05-21,90.9950180053711,97.96212005615234,85.21865844726562,15.06999969482422,18.049999237060547
2021-05-24,91.72198486328124,98.05647277832033,85.35453796386719,15.31999969482422,18.09000015258789
2021-05-25,91.73993682861328,98.41674041748048,85.4024887084961,15.229999542236328,18.239999771118164
2021-05-26,91.9643096923828,98.3052215576172,85.32255554199219,15.260000228881836,18.21999931335449
2021-05-27,92.09895324707033,98.13365936279295,85.33055877685547,15.5,18.239999771118164
2021-05-28,92.35919189453124,98.12507629394533,85.34652709960938,15.460000038146973,18.299999237060547
2021-06-01,92.7091827392578,98.10704040527344,85.45259094238281,15.710000038146973,18.26000022888184
2021-06-02,92.84382629394533,98.2186508178711,85.43651580810547,15.779999732971191,18.34000015258789
2021-06-03,92.33226013183594,97.96971893310548,85.32401275634766,15.670000076293944,17.969999313354492
2021-06-04,93.2117691040039,98.5104751586914,85.46062469482422,15.829999923706056,18.18000030517578
2021-06-07,93.27462005615234,98.4332275390625,85.3802719116211,15.779999732971191,18.25
2021-06-08,93.24769592285156,98.71647644042967,85.31600952148438,15.9399995803833,18.18000030517578
2021-06-09,93.00536346435548,99.02547454833984,85.18746948242188,15.890000343322754,18.15999984741211
2021-06-10,93.46308135986328,99.37736511230467,85.41242980957031,15.93000030517578,18.229999542236328
2021-06-11,93.63361358642578,99.23145294189452,85.2597885131836,15.979999542236328,18.020000457763672
2021-06-14,93.79513549804688,98.9224624633789,85.23567199707031,15.920000076293944,17.93000030517578
2021-06-15,93.60668182373048,98.93961334228516,85.34011840820312,15.93000030517578,17.850000381469727
2021-06-16,92.99639129638672,98.26155853271484,84.93035125732422,15.81999969482422,17.549999237060547
2021-06-17,92.75408172607422,98.61346435546876,85.07498168945312,15.420000076293944,17.010000228881836
2021-06-18,91.38094329833984,99.17138671875,84.96249389648438,15.56999969482422,16.93000030517578
2021-06-21,92.6391372680664,98.85379791259766,85.03480529785156,15.789999961853027,17.1200008392334
2021-06-22,92.8736572265625,99.0340347290039,85.23567199707031,15.75,17.06999969482422
2021-06-23,92.73839569091795,98.83663177490234,85.28386688232422,15.829999923706056,17.059999465942383
2021-06-24,93.41483306884766,98.81945037841795,85.22763061523438,15.869999885559082,17.030000686645508
2021-06-25,93.7846450805664,98.61346435546876,85.28386688232422,15.890000343322754,17.079999923706055
2021-06-28,93.6854248046875,98.9224624633789,85.29192352294922,15.859999656677246,17.079999923706055
2021-06-29,93.70345306396484,98.97396850585938,85.3481674194336,15.93000030517578,16.90999984741211
2021-06-30,93.45091247558594,99.12847137451172,85.41242980957031,16.09000015258789,16.989999771118164
2021-07-01,93.79364776611328,99.05720520019533,85.42049407958984,16.209999084472656,17.059999465942383
2021-07-02,94.19052124023438,99.41793060302734,85.5498046875,16.260000228881836,17.170000076293945
2021-07-06,93.71248626708984,99.94184112548828,85.59017181396484,15.90999984741211,17.260000228881836
2021-07-07,93.94696807861328,100.23389434814452,85.50129699707031,15.6899995803833,17.309999465942383
2021-07-08,92.8736572265625,100.4915542602539,85.52554321289062,15.779999732971191,17.309999465942383
2021-07-09,94.24464416503906,99.98479461669922,85.63056945800781,16.0,17.3700008392334
2021-07-12,94.47010803222656,99.93325805664062,85.69520568847656,16.020000457763672,17.34000015258789
2021-07-13,94.02816009521484,99.62405395507812,85.91337585449219,16.15999984741211,17.3700008392334
2021-07-14,94.1003189086914,100.05349731445312,85.92950439453125,15.970000267028809,17.549999237060547
2021-07-15,93.69442749023438,100.47439575195312,86.01033020019531,15.859999656677246,17.559999465942383
2021-07-16,92.97288513183594,100.45719909667967,86.01033020019531,15.899999618530272,17.3799991607666
2021-07-19,91.56584167480467,101.31610107421876,85.83258819580078,15.279999732971191,17.40999984741211
2021-07-20,92.6662139892578,101.18724822998048,85.897216796875,15.5,17.3799991607666
2021-07-21,93.61326599121094,100.6032257080078,85.92950439453125,15.81999969482422,17.329999923706055
2021-07-22,93.71248626708984,100.83513641357422,86.04263305664062,16.0,17.350000381469727
2021-07-23,94.32579803466795,100.68050384521484,86.2769775390625,16.049999237060547,17.290000915527344
2021-07-26,94.21758270263672,100.61178588867188,86.41431427001953,16.18000030517578,17.25
2021-07-27,93.60423278808594,101.04125213623048,86.3981704711914,16.079999923706055,17.290000915527344
2021-07-28,94.1003189086914,101.1271514892578,86.5355224609375,16.1200008392334,17.3700008392334
2021-07-29,94.56031036376952,100.8179168701172,86.48704528808594,16.360000610351562,17.559999465942383
2021-07-30,94.02816009521484,101.1013641357422,86.5355224609375,16.299999237060547,17.420000076293945
2021-08-02,94.1003189086914,101.54485321044922,86.45989990234375,16.110000610351562,17.399999618530273
2021-08-03,94.79481506347656,101.57064056396484,86.46806335449219,16.020000457763672,17.399999618530273
2021-08-04,94.4881591796875,101.54485321044922,86.34610748291016,15.710000038146973,17.40999984741211
2021-08-05,94.9571762084961,101.17528533935548,86.19977569580078,15.869999885559082,17.31999969482422
2021-08-06,94.87599182128906,100.58226013183594,86.20790100097656,15.729999542236328,16.90999984741211
2021-08-09,94.83088684082033,100.36741638183594,86.1266098022461,15.489999771118164,16.600000381469727
2021-08-10,94.90306091308594,100.17829895019533,86.17538452148438,15.770000457763672,16.600000381469727
2021-08-11,95.28185272216795,100.29003143310548,86.28105926513672,15.859999656677246,16.84000015258789
2021-08-12,95.28185272216795,100.18692779541016,86.27294921875,15.880000114440918,16.829999923706055
2021-08-13,95.4983367919922,100.76275634765624,86.27294921875,15.779999732971191,17.06999969482422
2021-08-16,95.28185272216795,100.98619842529295,86.33796691894531,15.739999771118164,17.15999984741211
2021-08-17,94.38893127441406,100.93463134765624,86.26480102539062,15.579999923706056,17.149999618530273
2021-08-18,93.7575912475586,100.88304901123048,86.20790100097656,15.380000114440918,17.149999618530273
2021-08-19,93.27052307128906,101.10653686523438,86.1266098022461,15.18000030517578,17.09000015258789
2021-08-20,93.8387451171875,101.011962890625,85.98027801513672,14.890000343322754,17.1200008392334
2021-08-23,94.8218765258789,101.03776550292967,86.15098571777344,15.420000076293944,17.309999465942383
2021-08-24,95.33597564697266,100.76275634765624,86.2322769165039,15.739999771118164,17.309999465942383
2021-08-25,95.50735473632812,100.36741638183594,86.31359100341797,15.84000015258789,17.200000762939453
2021-08-26,94.87599182128906,100.36741638183594,86.30545806884766,15.789999961853027,17.209999084472656
2021-08-27,95.8861846923828,100.6939697265625,86.58997344970703,16.010000228881836,17.459999084472656
2021-08-30,96.11164093017578,100.8916473388672,86.63065338134766,16.030000686645508,17.3799991607666
2021-08-31,96.15677642822266,100.70258331298828,86.54931640625,15.90999984741211,17.43000030517578
2021-09-01,96.62577056884766,100.7455596923828,86.57636260986328,15.84000015258789,17.43000030517578
2021-09-02,96.92342376708984,100.86600494384766,86.609130859375,16.049999237060547,17.3700008392334
2021-09-03,97.09478759765624,100.62517547607422,86.64189910888672,16.059999465942383,17.549999237060547
2021-09-07,96.83322143554688,100.22955322265624,86.62553405761719,15.84000015258789,17.209999084472656
2021-09-08,96.34615325927734,100.5047607421875,86.74017333984375,16.0,17.170000076293945
2021-09-09,96.09361267089844,100.78858947753906,86.863037109375,15.829999923706056,17.25
2021-09-10,95.60657501220705,100.47039031982422,86.78933715820312,16.040000915527344,17.15999984741211
2021-09-13,95.94931030273438,100.5907745361328,86.7729721069336,16.139999389648438,17.209999084472656
2021-09-14,95.38109588623048,100.96920776367188,86.71562957763672,16.170000076293945,17.31999969482422
2021-09-15,95.95831298828124,100.7971649169922,86.78933715820312,16.510000228881836,17.229999542236328
2021-09-16,95.74186706542967,100.47899627685548,86.74017333984375,16.43000030517578,16.850000381469727
2021-09-17,94.79481506347656,100.1865692138672,86.63370513916016,16.290000915527344,16.809999465942383
2021-09-20,93.0852279663086,100.6939697265625,86.57636260986328,16.09000015258789,16.93000030517578
2021-09-21,93.37500762939452,100.6337890625,86.56001281738281,16.040000915527344,17.040000915527344
2021-09-22,94.27145385742188,100.72840118408205,86.42894744873047,16.280000686645508,16.969999313354492
2021-09-23,95.33088684082033,99.81674194335938,86.42073822021484,16.540000915527344,16.780000686645508
2021-09-24,94.98677825927734,99.51571655273438,86.40437316894531,16.6299991607666,16.760000228881836
2021-09-27,94.92339324951172,99.24910736083984,86.46171569824219,16.93000030517578,16.809999465942383
2021-09-28,92.94942474365234,98.87069702148438,86.47809600830078,16.799999237060547,16.6299991607666
2021-09-29,92.84075164794922,98.9739227294922,86.53543853759766,16.739999771118164,16.559999465942383
2021-09-30,92.2069091796875,99.09429168701172,86.51902770996094,16.860000610351562,16.850000381469727
2021-10-01,92.94942474365234,99.49880981445312,86.65300750732422,17.030000686645508,16.889999389648438
2021-10-04,91.86280059814452,99.37831115722656,86.694091796875,17.31999969482422,16.979999542236328
2021-10-05,92.57815551757812,99.0684814453125,86.82559967041016,17.540000915527344,16.889999389648438
2021-10-06,92.57815551757812,99.09429168701172,86.72695922851562,17.209999084472656,16.93000030517578
2021-10-07,93.49270629882812,98.69840240478516,86.79273223876953,17.459999084472656,16.860000610351562
2021-10-08,93.4021453857422,98.48324584960938,86.8009262084961,17.510000228881836,16.860000610351562
2021-10-11,92.91319274902344,98.2422332763672,86.8009262084961,17.59000015258789,16.829999923706055
2021-10-12,92.84075164794922,98.68980407714844,86.73517608642578,17.56999969482422,16.899999618530273
2021-10-13,93.50177001953124,98.8791275024414,86.85025024414062,17.610000610351562,17.209999084472656
2021-10-14,94.796630859375,99.11148071289062,86.90774536132812,17.809999465942383,17.239999771118164
2021-10-15,95.46670532226562,98.62094116210938,86.87487030029297,17.93000030517578,16.969999313354492
2021-10-18,95.55723571777344,98.48324584960938,86.75162506103516,17.81999969482422,16.93000030517578
2021-10-19,96.24543762207033,98.13036346435548,86.8009262084961,17.889999389648438,16.989999771118164
2021-10-20,96.59857940673828,98.08734130859376,86.98172760009766,18.100000381469727,17.1299991607666
2021-10-21,96.55327606201172,97.82915496826172,87.07210540771484,17.829999923706055,17.1200008392334
2021-10-22,96.60763549804688,98.07874298095705,87.1050033569336,17.969999313354492,17.219999313354492
2021-10-25,96.92454528808594,98.19923400878906,87.29403686523438,18.07999992370605,17.34000015258789
2021-10-26,96.8792724609375,98.31971740722656,87.326904296875,18.1200008392334,17.209999084472656
2021-10-27,96.3088150024414,98.87052917480467,87.36798095703125,17.809999465942383,17.260000228881836
2021-10-28,97.17808532714844,98.61235809326172,87.1050033569336,17.920000076293945,17.260000228881836
2021-10-29,96.9517059326172,98.6553955078125,87.1214370727539,17.850000381469727,17.110000610351562
2021-11-01,97.54934692382812,98.64762115478516,86.99808502197266,17.979999542236328,17.200000762939453
2021-11-02,97.56745147705078,98.88878631591795,87.08028411865234,17.969999313354492,17.170000076293945
2021-11-03,98.21939849853516,98.5787353515625,87.10498046875,17.56999969482422,17.010000228881836
2021-11-04,98.38238525390624,99.11273956298828,87.26948547363281,17.399999618530273,17.209999084472656
2021-11-05,98.69933319091795,99.65526580810548,87.3352279663086,17.6299991607666,17.43000030517578
2021-11-08,98.9075927734375,99.22467041015624,87.37638854980469,17.739999771118164,17.510000228881836
2021-11-09,98.6359405517578,99.6811294555664,87.52440643310547,17.860000610351562,17.579999923706055
2021-11-10,97.6851577758789,98.8284912109375,87.56552124023438,17.6200008392334,17.770000457763672
2021-11-11,97.9930419921875,98.50979614257812,87.56552124023438,17.690000534057617,17.8700008392334
2021-11-12,98.64498901367188,98.71652221679688,87.67243957519531,17.639999389648438,17.899999618530273
2021-11-15,98.5906753540039,98.32894134521484,87.88624572753906,17.68000030517578,17.8799991607666
2021-11-16,98.76272583007812,98.24286651611328,87.94378662109375,17.68000030517578,17.75
2021-11-17,98.40050506591795,98.59593963623048,87.9931411743164,17.450000762939453,17.90999984741211
2021-11-18,98.43673706054688,98.65621948242188,87.9684829711914,17.510000228881836,17.8700008392334
2021-11-19,97.9930419921875,98.9232177734375,87.63128662109375,17.239999771118164,17.719999313354492
2021-11-22,97.43161010742188,98.19976043701172,87.38459777832031,17.350000381469727,17.31999969482422
2021-11-23,97.41352081298828,97.79498291015624,87.4585952758789,17.729999542236328,17.190000534057617
2021-11-24,97.46784973144533,98.09642028808594,87.56552124023438,17.65999984741211,17.149999618530273
2021-11-26,95.0139617919922,99.36246490478516,87.51616668701172,16.510000228881836,17.139999389648438
2021-11-29,95.85607147216795,99.13855743408205,87.52440643310547,16.469999313354492,17.1200008392334
2021-11-30,94.41633605957033,99.7327880859375,87.22012329101562,15.960000038146973,17.0
2021-12-01,93.4202651977539,99.92071533203124,87.09086608886719,15.75,17.059999465942383
2021-12-02,94.86002349853516,99.7052001953125,87.12380981445312,16.010000228881836,16.969999313354492
2021-12-03,93.98170471191406,100.29134368896484,87.23081970214844,15.960000038146973,17.1200008392334
2021-12-06,95.0139617919922,99.79142761230467,87.27198028564453,16.34000015258789,17.079999923706055
2021-12-07,96.9788818359375,99.41217041015624,87.36254119873047,16.530000686645508,17.139999389648438
2021-12-08,97.34107971191406,99.09326171875,87.44487762451172,16.719999313354492,17.1299991607666
2021-12-09,96.47180938720705,99.34323120117188,87.22257995605469,16.420000076293945,17.030000686645508
2021-12-10,96.96077728271484,99.41217041015624,87.23904418945312,16.6200008392334,17.110000610351562
2021-12-13,95.98283386230467,99.88619995117188,87.17315673828125,16.520000457763672,17.15999984741211
2021-12-14,95.38519287109376,99.7138214111328,87.02498626708984,16.389999389648438,16.989999771118164
2021-12-15,96.58952331542967,99.56729888916016,87.10733795166016,16.479999542236328,17.06999969482422
2021-12-16,96.04622650146484,99.85720825195312,87.2696304321289,16.59000015258789,17.270000457763672
2021-12-17,95.1678695678711,100.08148956298828,87.1205825805664,16.40999984741211,17.239999771118164
2021-12-20,94.29662322998048,99.99520111083984,87.16197967529297,16.219999313354492,17.170000076293945
2021-12-21,95.89315032958984,99.59833526611328,87.17027282714844,16.639999389648438,17.149999618530273
2021-12-22,96.77811431884766,99.69324493408205,87.41041564941406,16.920000076293945,17.309999465942383
2021-12-23,97.3984832763672,99.48622131347656,87.42696380615234,17.040000915527344,17.360000610351562
2021-12-27,98.42938232421876,99.52071380615234,87.35243225097656,17.290000915527344,17.399999618530273
2021-12-28,98.3199234008789,99.50347900390624,87.38557434082031,17.25,17.31999969482422
2021-12-29,98.3564224243164,98.99449157714844,87.50147247314453,17.31999969482422,17.31999969482422
2021-12-30,98.27429962158205,99.3222885131836,87.53459167480469,17.239999771118164,17.43000030517578
2021-12-31,98.00972747802734,99.21017456054688,87.6753921508789,17.110000610351562,17.559999465942383
2022-01-03,98.57537841796876,98.2870864868164,87.59257507324219,17.18000030517578,17.299999237060547
2022-01-04,98.6118621826172,98.23526763916016,87.50979614257812,17.3700008392334,17.40999984741211
2022-01-05,96.9332046508789,97.82119750976562,87.28620910644531,17.389999389648438,17.360000610351562
2022-01-06,96.84197998046876,97.57966613769533,87.06259155273438,17.600000381469727,17.15999984741211
2022-01-07,96.70513916015624,97.2604751586914,87.03778076171875,17.649999618530273,17.229999542236328
2022-01-10,96.38580322265624,97.23458099365234,87.07917022705078,17.559999465942383,17.290000915527344
2022-01-11,97.49884796142578,97.467529296875,87.37728881835938,17.989999771118164,17.5
2022-01-12,98.03710174560548,97.4847640991211,87.17027282714844,18.190000534057617,17.540000915527344
2022-01-13,96.8237075805664,97.79535675048828,87.20339965820312,17.969999313354492,17.469999313354492
2022-01-14,96.81461334228516,97.12242126464844,87.04602813720703,18.31999969482422,17.440000534057617
2022-01-18,95.15421295166016,96.38915252685548,86.88043975830078,18.530000686645508,17.399999618530273
2022-01-19,94.61593627929688,96.62207794189452,86.83074188232422,18.6200008392334,17.690000534057617
2022-01-20,93.8404541015625,96.82910919189452,86.83074188232422,18.559999465942383,17.6299991607666
2022-01-21,92.24392700195312,97.38987731933594,86.97979736328125,18.56999969482422,17.56999969482422
2022-01-24,92.12531280517578,97.30361938476562,87.08747100830078,18.46999931335449,17.670000076293945
2022-01-25,91.21300506591795,97.17420196533205,87.07088470458984,18.670000076293945,17.729999542236328
2022-01-26,90.80247497558594,96.4840087890625,86.82246398925781,18.81999969482422,17.450000762939453
2022-01-27,90.11823272705078,96.88948822021484,86.78109741210938,18.920000076293945,17.229999542236328
2022-01-28,91.60530090332033,97.1138153076172,86.94668579101562,19.020000457763672,17.170000076293945
2022-01-31,93.52115631103516,97.1138153076172,87.01293182373047,19.1200008392334,17.270000457763672
2022-02-01,94.26012420654295,96.9825210571289,86.85844421386719,19.26000022888184,17.280000686645508
2022-02-02,94.81663513183594,97.18115234375,86.94982147216797,19.31999969482422,17.350000381469727
2022-02-03,92.98287963867188,96.76668548583984,86.73382568359375,19.399999618530277,17.329999923706055
2022-02-04,93.39344024658205,96.02401733398438,86.53447723388672,19.670000076293945,17.350000381469727
2022-02-07,93.2839584350586,96.0499496459961,86.50125122070312,19.6299991607666,17.469999313354492
2022-02-08,93.99555206298828,95.73906707763672,86.40989685058594,19.40999984741211,17.540000915527344
2022-02-09,95.52824401855467,95.86859130859376,86.443115234375,19.6299991607666,17.579999923706055
2022-02-10,94.1506576538086,94.98779296875,86.2354736328125,19.5,17.530000686645508
2022-02-11,92.5176239013672,95.97225189208984,86.72554016113281,19.93000030517578,17.860000610351562
2022-02-14,92.05233764648438,95.30731964111328,86.74214935302734,20.059999465942383,17.950000762939453
2022-02-15,93.6671371459961,95.02235412597656,86.60926818847656,19.700000762939453,17.780000686645508
2022-02-16,93.94993591308594,95.220947265625,86.71724700927734,19.6299991607666,17.969999313354492
2022-02-17,92.13442993164062,95.73043823242188,86.90827178955078,19.770000457763672,18.21999931335449
2022-02-18,91.48670959472656,96.04132080078124,86.96642303466797,19.84000015258789,18.200000762939453
2022-02-22,90.40105438232422,96.0326919555664,87.0162582397461,20.170000076293945,18.239999771118164
2022-02-23,89.14204406738281,95.53182983398438,87.29866790771484,20.280000686645508,18.32999992370605
2022-02-24,89.51612854003906,95.75633239746094,87.53955078125,20.57999992370605,18.21999931335449
2022-02-25,91.49581909179688,95.73043823242188,87.37342071533203,20.229999542236328,18.1299991607666
2022-02-28,90.93018341064452,96.81848907470705,87.99639892578125,20.809999465942383,18.32999992370605
2022-03-01,89.41575622558594,97.7614517211914,88.42979431152344,22.06999969482422,18.65999984741211
2022-03-02,90.74774169921876,96.29209899902344,88.26343536376953,23.190000534057617,18.459999084472656
2022-03-03,89.79891967773438,96.7069854736328,88.01385498046875,23.229999542236328,18.56999969482422
2022-03-04,88.48518371582031,97.66637420654295,88.36328125,24.26000022888184,18.8700008392334
2022-03-07,85.6661605834961,97.25150299072266,88.57954406738281,24.90999984741211,19.15999984741211
2022-03-08,85.57492065429688,96.62054443359376,88.73760223388672,25.850000381469727,19.690000534057617
2022-03-09,88.1567611694336,96.024169921875,88.33831024169922,23.07999992370605,19.11000061035156
2022-03-10,87.4725341796875,95.58338928222656,88.5046615600586,22.57999992370605,19.15999984741211
2022-03-11,86.3594970703125,95.55745697021484,88.81249237060547,23.0,19.030000686645508
2022-03-14,85.82122802734375,94.3474578857422,88.42979431152344,22.100000381469727,18.729999542236328
2022-03-15,87.18060302734375,94.30423736572266,88.20520782470703,21.459999084472656,18.399999618530277
2022-03-16,89.94486999511719,94.1745834350586,87.80590057373047,21.290000915527344,18.51000022888184
2022-03-17,90.88457489013672,93.9930648803711,88.5046615600586,22.5,18.57999992370605
2022-03-18,91.85161590576172,94.26962280273438,88.35492706298828,22.700000762939453,18.420000076293945
2022-03-21,91.6202163696289,93.04232025146484,88.0804214477539,23.81999969482422,18.56999969482422
2022-03-22,92.66291046142578,92.53238677978516,87.93898010253906,23.649999618530277,18.440000534057617
2022-03-23,91.52874755859376,93.15469360351562,88.41316986083984,24.489999771118164,18.68000030517578
2022-03-24,92.5623016357422,92.6361312866211,88.23014068603516,24.190000534057617,18.809999465942383
2022-03-25,92.7726821899414,91.68537902832033,88.02218627929688,24.3799991607666,18.739999771118164
2022-03-28,93.07450103759766,91.892822265625,87.7559814453125,22.96999931335449,18.399999618530277
2022-03-29,94.58367156982422,92.35086822509766,87.46479797363281,23.049999237060547,18.420000076293945
2022-03-30,94.06233978271484,92.71389770507812,87.60624694824219,23.420000076293945,18.559999465942383
2022-03-31,92.64461517333984,92.88673400878906,87.29844665527344,22.649999618530277,18.57999992370605
2022-04-01,93.23916625976562,92.28192138671876,86.96295166015625,22.61000061035156,18.450000762939453
2022-04-04,93.99830627441406,92.22136688232422,87.05496215820312,23.13999938964844,18.540000915527344
2022-04-05,92.64461517333984,91.12244415283205,86.8039779663086,22.770000457763672,18.43000030517578
2022-04-06,91.6110610961914,90.80228424072266,86.76213836669922,22.420000076293945,18.46999931335449
2022-04-07,91.8214340209961,90.57733154296876,86.77884674072266,22.36000061035156,18.540000915527344
2022-04-08,91.60192108154295,90.11874389648438,86.96295166015625,22.6200008392334,18.649999618530277
2022-04-11,90.3214111328125,89.68609619140625,87.0466079711914,22.26000022888184,18.739999771118164
2022-04-12,89.94640350341797,90.11874389648438,87.13026428222656,23.11000061035156,18.8799991607666
2022-04-13,91.05313873291016,90.3177261352539,87.11353302001953,23.76000022888184,18.979999542236328
2022-04-14,90.18423461914062,89.50436401367188,87.22228240966797,24.059999465942383,18.920000076293945
2022-04-18,89.92811584472656,89.24479675292969,87.19721984863281,24.450000762939453,18.979999542236328
2022-04-19,90.95252990722656,88.65641784667969,86.99639129638672,23.63999938964844,18.68000030517578
2022-04-20,91.02568817138672,89.3486328125,87.13861083984375,23.71999931335449,18.770000457763672
2022-04-21,89.63544464111328,88.85546112060547,87.37291717529297,23.76000022888184,18.71999931335449
2022-04-22,87.60491180419922,88.89867401123047,87.2724838256836,23.350000381469727,18.540000915527344
2022-04-25,87.70553588867188,89.46977996826172,87.22228240966797,23.07999992370605,18.209999084472656
2022-04-26,85.30914306640625,90.06681823730469,87.35617065429688,23.43000030517578,18.21999931335449
2022-04-27,85.6292724609375,89.56493377685547,87.38964080810547,23.600000381469727,18.09000015258789
2022-04-28,87.40370178222656,89.4351577758789,87.55699920654297,23.88999938964844,18.18000030517578
2022-04-29,85.14451599121094,88.95927429199219,87.21394348144531,23.68000030517578,18.18000030517578
2022-05-02,85.41890716552734,88.29651641845703,86.81558227539062,24.059999465942383,17.84000015258789
2022-05-03,85.87622833251953,88.40048217773438,86.84923553466797,23.559999465942383,17.899999618530273
2022-05-04,87.93417358398438,88.97225189208984,87.1693115234375,24.43000030517578,18.07999992370605
2022-05-05,84.93414306640625,88.07994079589844,86.89979553222656,24.32999992370605,18.010000228881836
2022-05-06,84.09268188476562,87.57743835449219,86.98399353027344,24.3700008392334,18.040000915527344
2022-05-09,81.30299377441406,88.2271728515625,86.78187561035156,22.96999931335449,17.770000457763672
2022-05-10,81.58653259277344,88.52175903320312,86.4702377319336,22.850000381469727,17.610000610351562
2022-05-11,80.5438461303711,89.06755065917969,86.81558227539062,23.57999992370605,17.770000457763672
2022-05-12,80.42493438720703,89.36209106445312,86.81558227539062,23.729999542236328,17.5
2022-05-13,82.64753723144531,88.89427185058594,87.13562774658203,24.170000076293945,17.350000381469727
2022-05-16,82.38228607177734,89.26681518554688,87.25350189208984,24.75,17.510000228881836
2022-05-17,84.08352661132812,88.59105682373047,87.0850830078125,24.459999084472656,17.420000076293945
2022-05-18,81.28470611572266,89.2234878540039,87.25350189208984,23.93000030517578,17.420000076293945
2022-05-19,81.49507141113281,89.54405212402344,87.2451171875,24.299999237060547,17.68000030517578
2022-05-20,81.7237319946289,89.95985412597656,87.2451171875,24.420000076293945,17.700000762939453
2022-05-23,83.00424194335938,89.4140853881836,87.2029800415039,24.57999992370605,17.770000457763672
2022-05-24,82.29997253417969,90.18511199951172,87.3798599243164,24.489999771118164,17.899999618530273
2022-05-25,82.88534545898438,90.3670654296875,87.52299499511719,24.6299991607666,17.790000915527344
2022-05-26,84.28475189208984,90.3237533569336,87.75884246826172,24.989999771118164,17.770000457763672
2022-05-27,85.98599243164062,90.45368194580078,87.8851547241211,25.25,17.770000457763672
2022-05-31,85.56526184082031,89.5093994140625,87.65779113769531,25.040000915527344,17.600000381469727
2022-06-01,84.92501831054688,89.00540161132812,87.44497680664062,25.190000534057617,17.719999313354492
2022-06-02,86.64454650878906,89.135498046875,87.5811538696289,25.68000030517578,17.920000076293945
2022-06-03,85.25428009033203,88.9620361328125,87.75143432617188,25.920000076293945,17.739999771118164
2022-06-06,85.58353424072266,88.29413604736328,87.56415557861328,25.940000534057617,17.65999984741211
2022-06-07,86.21465301513672,88.6497573852539,87.6407699584961,26.1299991607666,17.780000686645508
2022-06-08,85.36402893066406,88.32014465332031,87.64927673339844,26.34000015258789,17.770000457763672
2022-06-09,83.43413543701172,88.24207305908203,87.6748275756836,26.280000686645508,17.709999084472656
2022-06-10,81.24812316894531,87.37468719482422,87.5726547241211,26.0,17.950000762939453
2022-06-13,78.22064208984375,85.82201385498047,86.98527526855469,25.770000457763672,17.469999313354492
2022-06-14,77.97367858886719,85.13677215576172,86.20206451416016,25.299999237060547,17.350000381469727
2022-06-15,79.20844268798828,86.32506561279297,86.71286010742188,25.25,17.56999969482422
2022-06-16,76.72061920166016,86.888916015625,86.63621520996094,25.40999984741211,17.770000457763672
2022-06-17,76.80292510986328,86.91492462158203,86.55960845947266,24.5,17.6200008392334
2022-06-21,78.41320037841797,86.46387481689453,86.4659652709961,24.479999542236328,17.540000915527344
2022-06-22,77.97103881835938,87.55682373046875,86.54259490966797,24.01000022888184,17.6299991607666
2022-06-23,78.44084930419922,88.05126953125,86.7043228149414,23.46999931335449,17.510000228881836
2022-06-24,80.79913330078125,87.73898315429688,86.85758209228516,23.82999992370605,17.489999771118164
2022-06-27,80.59645080566406,87.24455261230469,86.57662963867188,23.940000534057617,17.479999542236328
2022-06-28,79.45417785644531,87.35730743408203,86.44895935058594,24.229999542236328,17.440000534057617
2022-06-29,79.21466827392578,88.05992126464844,86.36383056640625,23.790000915527344,17.440000534057617
2022-06-30,78.61585998535156,88.73651885986328,86.3467788696289,23.100000381469727,17.329999923706055
2022-07-01,79.1041030883789,89.68778228759766,87.02469635009766,23.3799991607666,17.299999237060547
2022-07-05,78.6895523071289,90.01788330078125,86.68274688720703,21.850000381469727,16.93000030517578
2022-07-06,78.73562622070312,89.2533950805664,86.23821258544922,21.540000915527344,16.690000534057617
2022-07-07,79.98847198486328,88.70610809326172,86.23821258544922,22.399999618530277,16.690000534057617
2022-07-08,79.9608154296875,88.16751098632812,86.29804992675781,22.770000457763672,16.700000762939453
2022-07-11,78.77247619628906,88.86247253417969,86.34933471679688,22.76000022888184,16.600000381469727
2022-07-12,78.32107543945312,89.07095336914062,86.1185531616211,21.57999992370605,16.549999237060547
2022-07-13,78.04472351074219,89.45321655273438,86.14415740966797,21.729999542236328,16.610000610351562
2022-07-14,77.44593048095703,88.95804595947266,86.0928955078125,21.6200008392334,16.389999389648438
2022-07-15,78.74483489990234,89.26210021972656,86.39208221435547,21.88999938964844,16.34000015258789
2022-07-18,78.60668182373047,89.00147247314453,86.56307220458984,22.479999542236328,16.360000610351562
2022-07-19,80.61487579345703,88.59317779541016,86.52030181884766,22.600000381469727,16.399999618530273
2022-07-20,80.88204956054688,88.50630950927734,86.48611450195312,22.600000381469727,16.25
2022-07-21,81.73876953125,89.51403045654297,86.64854431152344,22.170000076293945,16.489999771118164
2022-07-22,81.03862762451172,90.53913879394533,87.01615142822266,21.920000076293945,16.520000457763672
2022-07-25,81.3426513671875,90.2176742553711,86.99049377441406,22.309999465942383,16.489999771118164
2022-07-26,80.35694122314453,90.25245666503906,86.96485900878906,22.32999992370605,16.469999313354492
2022-07-27,82.3006820678711,90.4348602294922,87.2554931640625,22.86000061035156,16.6200008392334
2022-07-28,83.10214233398438,91.32968139648438,87.69149780273438,22.790000915527344,16.829999923706055
2022-07-29,84.10626220703125,91.36441802978516,87.92231750488281,22.93000030517578,16.8799991607666
2022-08-01,83.90359497070312,91.89877319335938,87.7817153930664,22.25,16.969999313354492
2022-08-02,83.24954223632812,90.62822723388672,87.32466888427734,22.049999237060547,16.8700008392334
2022-08-03,84.2352294921875,91.00240325927734,87.36780548095703,21.850000381469727,16.93000030517578
2022-08-04,84.37340545654297,91.46360778808594,87.4022445678711,21.559999465942383,17.200000762939453
2022-08-05,84.17994689941406,90.140869140625,86.91071319580078,21.46999931335449,16.989999771118164
2022-08-08,84.29971313476562,90.67168426513672,87.12631225585938,21.690000534057617,17.139999389648438
2022-08-09,83.84832000732422,90.40192413330078,87.06596374511719,21.88999938964844,17.190000534057617
2022-08-10,85.69996643066406,90.4541473388672,87.06596374511719,22.21999931335449,17.149999618530273
2022-08-11,85.7552261352539,89.85367584228516,87.08319091796875,22.65999984741211,17.110000610351562
2022-08-12,86.91594696044922,90.21046447753906,87.22981262207031,22.56999969482422,17.260000228881836
2022-08-15,86.93436431884766,90.49764251708984,87.2125473022461,22.1200008392334,17.040000915527344
2022-08-16,87.03570556640625,90.39324188232422,87.09181213378906,21.86000061035156,17.030000686645508
2022-08-17,86.34481048583984,89.78401947021484,87.06596374511719,22.020000457763672,16.920000076293945
2022-08-18,86.35401153564453,89.95809173583984,87.22119903564453,22.36000061035156,16.8700008392334
2022-08-19,85.1472396850586,89.1835708618164,87.2384262084961,22.3799991607666,16.75
2022-08-22,83.57197570800781,88.79194641113281,87.15217590332031,22.61000061035156,16.6299991607666
2022-08-23,83.53512573242188,88.57438659667969,87.36780548095703,23.030000686645508,16.75
2022-08-24,83.81148529052734,88.27850341796875,87.47127532958984,23.290000915527344,16.790000915527344
2022-08-25,85.02747344970703,88.84417724609375,87.46263122558594,23.020000457763672,16.850000381469727
2022-08-26,82.50335693359375,88.73974609375,87.2988052368164,23.06999969482422,16.639999389648438
2022-08-29,82.05197143554688,88.2350082397461,87.13494873046875,23.489999771118164,16.649999618530273
2022-08-30,81.22288513183594,88.20886993408203,86.94523620605469,22.76000022888184,16.510000228881836
2022-08-31,80.69779205322266,87.84337615966797,86.53990173339844,22.25,16.3799991607666
2022-09-01,80.40301513671875,87.14505004882812,86.33118438720703,21.729999542236328,16.25
2022-09-02,79.72130584716797,87.63328552246094,86.54947662353516,21.88999938964844,16.389999389648438
2022-09-06,79.33440399169922,86.65689086914062,86.32245635986328,21.71999931335449,16.299999237060547
2022-09-07,80.48590850830078,87.22354125976562,86.33993530273438,21.13999938964844,16.450000762939453
2022-09-08,80.8636245727539,86.9010009765625,86.10414123535156,21.26000022888184,16.360000610351562
2022-09-09,82.40203857421875,86.90968322753906,86.22640228271484,21.8700008392334,16.450000762939453
2022-09-12,83.3785171508789,86.7004623413086,86.20890808105469,22.209999084472656,16.520000457763672
2022-09-13,80.10821533203125,86.21223449707031,86.09541320800781,22.059999465942383,16.31999969482422
2022-09-14,80.43986511230469,86.25582122802734,86.14779663085938,22.15999984741211,16.260000228881836
2022-09-15,79.61998748779297,85.95941162109375,85.85961151123047,21.420000076293945,15.9399995803833
2022-09-16,78.95671844482422,86.0291976928711,85.77229309082031,21.3799991607666,16.030000686645508
2022-09-19,79.4407730102539,85.78506469726562,85.50157928466797,21.51000022888184,16.040000915527344
2022-09-20,78.4041519165039,85.25325012207031,85.46665954589844,21.459999084472656,15.949999809265137
2022-09-21,77.16390991210938,85.5932388305664,85.43171691894531,21.3799991607666,16.020000457763672
2022-09-22,76.56230926513672,84.3030014038086,85.01253509521484,21.32999992370605,16.030000686645508
2022-09-23,74.81298065185547,84.40765380859375,84.69818115234375,20.530000686645508,15.75
2022-09-26,73.9151840209961,83.00403594970703,84.14801788330078,20.040000915527344,15.56999969482422
2022-09-27,73.66529083251953,82.43734741210938,84.14801788330078,20.31999969482422,15.600000381469728
2022-09-28,75.20172882080078,84.2943115234375,84.8116683959961,20.979999542236328,15.920000076293944
2022-09-29,73.78560638427734,83.9019546508789,84.22660827636719,20.8799991607666,15.90999984741211
2022-09-30,73.00814819335938,83.68400573730469,83.92969512939453,20.57999992370605,15.920000076293944
2022-10-03,74.81298065185547,84.67718505859375,84.5497055053711,21.1299991607666,16.309999465942383
2022-10-04,77.3489990234375,84.85188293457031,84.90778350830078,21.739999771118164,16.540000915527344
2022-10-05,76.9787826538086,84.0482406616211,84.64579010009766,22.100000381469727,16.440000534057617
2022-10-06,76.11803436279297,83.58533477783203,84.61958312988281,22.229999542236328,16.420000076293945
2022-10-07,74.27616882324219,83.17478942871094,84.61084747314453,22.61000061035156,16.25
2022-10-10,73.64677429199219,82.68563842773438,84.43620300292969,22.309999465942383,16.0
2022-10-11,72.99888610839844,82.895263671875,84.57592010498047,21.96999931335449,15.970000267028809
2022-10-12,72.81377410888672,83.16606140136719,84.60212707519531,21.8700008392334,16.059999465942383
2022-10-13,74.37796783447266,82.8166275024414,84.54100036621094,22.280000686645508,15.949999809265137
2022-10-14,72.82302856445312,82.35369873046875,84.5497055053711,21.729999542236328,15.75
2022-10-17,74.73892974853516,82.44100189208984,84.65450286865234,21.68000030517578,15.779999732971191
2022-10-18,75.46086883544922,82.65070343017578,84.6370620727539,21.399999618530277,15.81999969482422
2022-10-19,74.66490173339844,81.78589630126953,84.45365142822266,21.43000030517578,15.619999885559082
2022-10-20,74.31317901611328,81.17445373535156,84.42743682861328,21.459999084472656,15.579999923706056
2022-10-21,75.85887908935547,81.35787200927734,84.80297088623047,21.57999992370605,15.869999885559082
2022-10-24,76.00696563720703,81.2530746459961,84.87281036376953,21.59000015258789,15.8100004196167
2022-10-25,77.40452575683594,82.26634979248047,84.87281036376953,21.690000534057617,15.84000015258789
2022-10-26,77.42306518554688,82.68563842773438,84.84663391113281,22.170000076293945,15.949999809265137
2022-10-27,76.9880599975586,83.27082824707031,85.10859680175781,22.170000076293945,15.93000030517578
2022-10-28,78.21904754638672,82.84282684326172,84.96888732910156,21.979999542236328,15.770000457763672
2022-10-31,77.66370391845703,82.46722412109375,84.8902816772461,21.850000381469727,15.630000114440918
2022-11-01,77.82106018066406,82.45237731933594,84.85536193847656,22.100000381469727,15.800000190734863
2022-11-02,76.18280792236328,82.3122787475586,84.76807403564453,22.229999542236328,15.6899995803833
2022-11-03,75.59970092773438,81.9533920288086,84.33140563964844,22.170000076293945,15.619999885559082
2022-11-04,77.36751556396484,81.77833557128906,84.61958312988281,22.979999542236328,16.110000610351562
2022-11-07,77.87659454345703,81.48944091796875,84.68071746826172,22.82999992370605,16.049999237060547
2022-11-08,78.43193054199219,82.03217315673828,84.70691680908203,22.440000534057617,16.40999984741211
2022-11-09,76.92324829101562,82.3122787475586,84.64579010009766,21.84000015258789,16.34000015258789
2022-11-10,81.08827209472656,84.15933990478516,85.08242797851562,22.020000457763672,16.829999923706055
2022-11-11,82.27298736572266,83.98428344726562,85.09114837646484,22.420000076293945,16.93000030517578
2022-11-14,81.47700500488281,83.78294372558594,84.79422760009766,21.979999542236328,16.969999313354492
2022-11-15,82.3007583618164,84.40446472167969,84.95142364501953,22.309999465942383,17.040000915527344
2022-11-16,81.60658264160156,85.0259780883789,84.96015930175781,22.06999969482422,16.989999771118164
2022-11-17,81.41222381591797,84.4482192993164,84.68071746826172,21.6299991607666,16.8799991607666
2022-11-18,81.60658264160156,84.15058898925781,84.46240234375,21.440000534057617,16.760000228881836
2022-11-21,81.12530517578125,84.09807586669922,84.64579010009766,21.399999618530277,16.670000076293945
2022-11-22,82.17117309570312,84.57955169677734,84.78548431396484,21.65999984741211,16.670000076293945
2022-11-23,82.8005599975586,85.03472137451172,84.85536193847656,21.25,16.770000457763672
2022-11-25,82.89311981201172,85.00847625732422,84.84663391113281,21.020000457763672,16.790000915527344
2022-11-28,81.69915008544922,85.04346466064453,84.82044982910156,20.850000381469727,16.68000030517578
2022-11-29,81.86573791503906,84.68458557128906,84.75057983398438,21.1299991607666,16.75
2022-11-30,84.0963363647461,85.44617462158203,85.30072784423828,21.59000015258789,16.950000762939453
2022-12-01,84.29071044921875,86.37944030761719,85.6425552368164,21.46999931335449,17.280000686645508
2022-12-02,84.24443817138672,86.55486297607422,85.76490783691406,21.209999084472656,17.229999542236328
2022-12-05,82.79131317138672,85.67772674560547,85.35401916503906,20.59000015258789,16.920000076293945
2022-12-06,81.91202545166016,86.20401000976562,85.28411102294922,20.100000381469727,16.969999313354492
2022-12-07,81.77318572998047,86.95832824707031,85.39775085449219,19.940000534057617,17.1299991607666
2022-12-08,82.39331817626953,86.4671630859375,85.34529876708984,19.8700008392334,17.139999389648438
2022-12-09,81.9675521850586,85.82681274414062,85.17050170898438,19.88999938964844,17.190000534057617
2022-12-12,82.72650909423828,85.70404815673828,85.17922973632812,20.21999931335449,17.059999465942383
2022-12-13,83.49473571777344,86.47589111328125,85.38899993896484,20.68000030517578,17.34000015258789
2022-12-14,83.15227508544922,86.71271514892578,85.32781219482422,20.93000030517578,17.299999237060547
2022-12-15,81.09754180908203,86.88145446777344,85.26468658447266,20.739999771118164,17.020000457763672
2022-12-16,80.33857727050781,86.66177368164062,85.16820526123047,20.43000030517578,17.18000030517578
2022-12-19,79.85185241699219,85.95870971679688,85.08930206298828,20.40999984741211,17.1299991607666
2022-12-20,80.03833770751953,85.33473205566406,85.14191436767578,20.420000076293945,17.420000076293945
2022-12-21,81.0826416015625,85.440185546875,85.36992645263672,20.8700008392334,17.389999389648438
2022-12-22,80.1036148071289,85.413818359375,85.22959899902344,20.709999084472656,17.15999984741211
2022-12-23,80.47657012939453,85.02715301513672,85.22084045410156,21.09000015258789,17.219999313354492
2022-12-27,80.46724700927734,84.31527709960938,85.08053588867188,21.239999771118164,17.360000610351562
2022-12-28,79.46023559570312,84.11315155029297,85.05422973632812,21.040000915527344,17.280000686645508
2022-12-29,80.83088684082031,84.52621459960938,85.1243896484375,20.989999771118164,17.3799991607666
2022-12-30,80.36467742919922,84.17469024658203,85.02790069580078,21.229999542236328,17.469999313354492
2023-01-03,80.41130065917969,84.83375549316406,85.06299591064453,20.57999992370605,17.600000381469727
2023-01-04,81.39966583251953,85.48412322998047,84.95775604248047,19.920000076293945,17.780000686645508
2023-01-05,80.56050109863281,85.361083984375,84.94022369384766,19.86000061035156,17.549999237060547
2023-01-06,82.40665435791016,86.4596176147461,85.19453430175781,19.96999931335449,17.889999389648438
2023-01-09,82.60245513916016,86.6793212890625,85.27345275878906,20.209999084472656,17.93000030517578
2023-01-10,83.0500259399414,86.13447570800781,85.22084045410156,20.209999084472656,18.0
2023-01-11,83.88919067382812,86.6881332397461,85.29100036621094,20.68000030517578,17.979999542236328
2023-01-12,84.48594665527344,87.46149444580078,85.62420654296875,20.899999618530277,18.190000534057617
2023-01-13,84.92417907714844,86.9957046508789,85.4576187133789,21.149999618530277,18.40999984741211
2023-01-17,84.90552520751953,86.72328186035156,85.3786849975586,21.3700008392334,18.290000915527344
2023-01-18,83.99178314208984,87.9009017944336,85.57164001464844,21.07999992370605,18.229999542236328
2023-01-19,83.6187973022461,87.73396301269531,85.79959106445312,21.280000686645508,18.530000686645508
2023-01-20,84.91485595703125,87.15390014648438,85.64176177978516,21.489999771118164,18.46999931335449
2023-01-23,85.71672058105469,86.87268829345703,85.64176177978516,21.600000381469727,18.489999771118164
2023-01-24,85.6328125,87.3736343383789,85.77330017089844,21.3700008392334,18.56999969482422
2023-01-25,85.79132843017578,87.47030639648438,85.83470153808594,21.31999969482422,18.649999618530277
2023-01-26,86.51860809326172,87.15390014648438,85.86100769042969,21.479999542236328,18.489999771118164
2023-01-27,86.57455444335938,87.0220947265625,85.78208923339844,21.200000762939453,18.450000762939453
2023-01-30,85.52093505859375,86.7496337890625,85.61549377441406,20.8700008392334,18.40999984741211
2023-01-31,86.50928497314453,87.18907165527344,85.720703125,21.209999084472656,18.479999542236328
2023-02-01,87.4510269165039,87.81613159179688,86.01887512207031,20.690000534057617,18.709999084472656
2023-02-02,88.1596450805664,87.7809066772461,85.98377227783203,20.46999931335449,18.31999969482422
2023-02-03,87.18062591552734,86.83853912353516,85.54530334472656,19.989999771118164,17.850000381469727
2023-02-06,86.39739990234375,86.08995056152344,85.3348388671875,20.1299991607666,17.899999618530273
2023-02-07,87.32048797607422,85.87858581542969,85.5540771484375,20.59000015258789,17.90999984741211
2023-02-08,86.6025161743164,86.19563293457031,85.720703125,20.68000030517578,17.959999084472656
2023-02-09,86.17362976074219,85.80812072753906,85.58915710449219,20.530000686645508,17.829999923706055
2023-02-10,86.0151138305664,85.39414978027344,85.53654479980469,20.899999618530277,17.860000610351562
2023-02-13,86.96617126464844,85.59673309326172,85.52777099609375,20.82999992370605,17.770000457763672
2023-02-14,87.02210998535156,85.209228515625,85.4050064086914,20.899999618530277,17.770000457763672
2023-02-15,87.06873321533203,84.95381164550781,85.48392486572266,20.63999938964844,17.59000015258789
2023-02-16,86.2388687133789,84.6719741821289,85.4576187133789,20.530000686645508,17.59000015258789
2023-02-17,86.04307556152344,84.9097671508789,85.44884490966797,20.299999237060547,17.639999389648438
2023-02-21,84.5885238647461,83.98503875732422,85.3786849975586,20.3799991607666,17.56999969482422
2023-02-22,84.30877685546875,84.134765625,85.2822265625,20.0,17.469999313354492
2023-02-23,84.75635528564453,84.46063995361328,85.3786849975586,20.170000076293945,17.469999313354492
2023-02-24,83.6561050415039,83.94981384277344,85.13314819335938,20.21999931335449,17.34000015258789
2023-02-27,84.12232208251953,84.2052230834961,85.19453430175781,20.18000030517578,17.399999618530273
2023-02-28,83.75867462158203,84.33731842041016,85.3348388671875,20.309999465942383,17.489999771118164
2023-03-01,83.9264907836914,83.66305541992188,85.29100036621094,20.61000061035156,17.600000381469727
2023-03-02,84.36473083496094,83.31887817382812,85.43132019042969,20.549999237060547,17.579999923706055
2023-03-03,85.57686614990234,83.98961639404297,85.70317840576172,20.8700008392334,17.770000457763672
2023-03-06,85.44632720947266,83.83960723876953,85.62420654296875,20.850000381469727,17.690000534057617
2023-03-07,84.14094543457031,83.8484115600586,85.19453430175781,20.309999465942383,17.360000610351562
2023-03-08,84.36473083496094,83.8219223022461,84.98406219482422,20.200000762939453,17.360000610351562
2023-03-09,82.9754409790039,84.34262084960938,85.15066528320312,19.920000076293945,17.540000915527344
2023-03-10,81.82856750488281,85.89585876464844,85.59793853759766,20.1299991607666,17.90999984741211
2023-03-13,81.5675048828125,86.93722534179688,86.14163208007812,19.90999984741211,18.32999992370605
2023-03-14,82.64907836914062,86.1164779663086,86.04515838623047,19.559999465942383,18.21999931335449
2023-03-15,81.3810043334961,87.3608169555664,86.36962127685547,19.01000022888184,18.36000061035156
2023-03-16,82.73301696777344,86.57539367675781,86.09778594970703,19.059999465942383,18.38999938964844
2023-03-17,81.75396728515625,87.59912109375,86.29946899414062,18.88999938964844,18.93000030517578
2023-03-20,82.63796997070312,87.24607849121094,86.31700134277344,19.020000457763672,18.940000534057617
2023-03-21,83.72310638427734,86.48712158203125,86.1591796875,19.209999084472656,18.56999969482422
2023-03-22,82.75958251953125,87.62559509277344,86.79056549072266,19.239999771118164,18.88999938964844
2023-03-23,82.95604705810547,88.12862396240234,86.98350524902344,19.149999618530277,19.1299991607666
2023-03-24,83.16182708740234,88.15512084960938,86.84318542480469,19.239999771118164,18.93000030517578
2023-03-27,83.47989654541016,87.0696029663086,86.49239349365234,19.739999771118164,18.739999771118164
2023-03-28,83.56407928466797,87.01663970947266,86.67654418945312,19.82999992370605,18.899999618530277
2023-03-29,84.59308624267578,86.86663055419922,86.6414794921875,19.709999084472656,18.809999465942383
2023-03-30,85.2479019165039,86.9990234375,86.65025329589844,19.8700008392334,18.96999931335449
2023-03-31,86.14593505859375,87.47555541992188,87.0185775756836,20.1200008392334,18.8700008392334
2023-04-03,86.54817199707031,87.88763427734375,87.17144012451172,20.65999984741211,19.01000022888184
2023-04-04,86.18335723876953,88.45355987548828,87.30329132080078,20.6299991607666,19.350000381469727
2023-04-05,85.76239776611328,88.8249740600586,87.37358093261719,20.65999984741211,19.350000381469727
2023-04-06,86.04304504394531,88.85150146484375,87.43508911132812,20.6200008392334,19.21999931335449
2023-04-10,86.14593505859375,87.9760513305664,87.13631439208984,20.600000381469727,19.07999992370605
2023-04-11,86.35171508789062,87.94068145751953,87.15389251708984,20.809999465942383,19.190000534057617
2023-04-12,86.23011016845703,88.19713592529297,87.1011734008789,21.01000022888184,19.280000686645508
2023-04-13,87.36201477050781,87.90531158447266,87.02208709716797,20.93000030517578,19.530000686645508
2023-04-14,87.09074401855469,87.47200775146484,86.9078598022461,20.979999542236328,19.209999084472656
2023-04-17,87.2965316772461,86.9149169921875,86.76724243164062,20.84000015258789,19.1200008392334
2023-04-18,87.44621276855469,87.05641174316406,86.81119537353516,20.8799991607666,19.190000534057617
2023-04-19,87.24041748046875,86.87068939208984,86.75846862792969,20.559999465942383,19.09000015258789
2023-04-20,86.92235565185547,87.37472534179688,86.89905548095703,20.209999084472656,19.170000076293945
2023-04-21,86.95042419433594,87.16252136230469,86.94300079345703,20.209999084472656,18.989999771118164
2023-04-24,87.04397583007812,87.58695983886719,87.1011734008789,20.3799991607666,19.049999237060547
2023-04-25,85.62207794189453,88.45355987548828,87.35601806640625,20.01000022888184,19.13999938964844
2023-04-26,85.43499755859375,88.10869598388672,87.23297882080078,19.600000381469727,19.030000686645508
2023-04-27,86.85688018798828,87.53390502929688,87.0396728515625,19.6299991607666,19.030000686645508
2023-04-28,87.37138366699219,88.18828582763672,87.13631439208984,19.90999984741211,19.049999237060547
2023-05-01,87.26849365234375,87.15031433105469,86.894287109375,19.76000022888184,18.950000762939453
2023-05-02,86.28624725341797,88.28490447998047,87.16812896728516,19.15999984741211,19.32999992370605
2023-05-03,85.9869155883789,88.86103820800781,87.380126953125,18.690000534057617,19.479999542236328
2023-05-04,85.68754577636719,88.84335327148438,87.38896179199219,18.799999237060547,19.6299991607666
2023-05-05,87.1468734741211,88.36467742919922,87.35362243652344,19.26000022888184,19.31999969482422
2023-05-08,87.19364166259766,87.823974609375,87.26528930664062,19.520000457763672,19.350000381469727
2023-05-09,86.83816528320312,87.71760559082031,87.23878479003906,19.57999992370605,19.479999542236328
2023-05-10,87.01589965820312,88.37353515625,87.26528930664062,19.46999931335449,19.440000534057617
2023-05-11,86.81010437011719,88.70149993896484,87.30064392089844,19.149999618530277,19.290000915527344
2023-05-12,86.56689453125,88.16964721679688,87.07096862792969,19.030000686645508,19.26000022888184
2023-05-15,87.15621185302734,87.97467803955078,87.11511993408203,19.31999969482422,19.299999237060547
2023-05-16,86.4078598022461,87.69097900390625,86.9737777709961,19.1200008392334,19.059999465942383
2023-05-17,87.22171020507812,87.4073715209961,86.99143981933594,19.43000030517578,18.979999542236328
2023-05-18,87.68942260742188,86.86664581298828,86.80593872070312,19.290000915527344,18.729999542236328
2023-05-19,87.69878387451172,86.53870391845703,86.72643280029297,19.25,18.920000076293945
2023-05-22,87.83909606933594,86.3791275024414,86.69112396240234,19.239999771118164,18.8700008392334
2023-05-23,86.73527526855469,86.52098083496094,86.7883071899414,19.31999969482422,18.90999984741211
2023-05-24,85.9588394165039,86.29939270019531,86.60279083251953,19.459999084472656,18.76000022888184
2023-05-25,86.22076416015625,85.75865173339844,86.30242919921875,19.149999618530277,18.559999465942383
2023-05-26,87.26849365234375,85.9182357788086,86.30242919921875,19.3700008392334,18.649999618530277
2023-05-30,86.95977020263672,86.59184265136719,86.51445007324219,18.86000061035156,18.770000457763672
2023-05-31,86.31431579589844,86.91986083984375,86.5851058959961,18.670000076293945,18.790000915527344
2023-06-01,87.39009094238281,87.16148376464844,86.71090698242188,19.0,18.940000534057617
2023-06-02,88.75582885742188,86.46846771240234,86.5337142944336,19.36000061035156,18.65999984741211
2023-06-05,88.45650482177734,86.44183349609375,86.63117980957031,19.32999992370605,18.770000457763672
2023-06-06,88.98036193847656,86.49513244628906,86.60458374023438,19.3700008392334,18.780000686645508
2023-06-07,88.5968246459961,85.86431884765625,86.48941040039062,19.51000022888184,18.56999969482422
2023-06-08,89.1393814086914,86.44183349609375,86.64891052246094,19.43000030517578,18.799999237060547
2023-06-09,89.2422866821289,86.13087463378906,86.4805679321289,19.31999969482422,18.770000457763672
2023-06-12,89.8409652709961,86.27299499511719,86.5160140991211,18.920000076293945,18.739999771118164
2023-06-13,90.54255676269533,85.65997314453125,86.32996368408203,19.280000686645508,18.600000381469727
2023-06-14,90.6828842163086,85.77546691894531,86.34764099121094,19.229999542236328,18.6200008392334
2023-06-15,91.7305908203125,86.44183349609375,86.66661071777344,19.75,18.739999771118164
2023-06-16,91.4686508178711,86.06866455078125,86.5425796508789,20.030000686645508,18.709999084472656
2023-06-20,90.56461334228516,86.32634735107422,86.56027221679688,19.84000015258789,18.530000686645508
2023-06-21,90.2821044921875,86.40628051757812,86.55145263671875,20.170000076293945,18.51000022888184
2023-06-22,90.24444580078124,85.91761016845703,86.47169494628906,19.700000762939453,18.309999465942383
2023-06-23,89.2556381225586,86.27299499511719,86.5337142944336,19.530000686645508,18.36000061035156
2023-06-26,89.19914245605469,86.48624420166016,86.56027221679688,19.600000381469727,18.399999618530277
2023-06-27,90.11260223388672,86.1841812133789,86.41856384277344,19.229999542236328,18.31999969482422
2023-06-28,90.15967559814452,86.53067779541016,86.5425796508789,19.26000022888184,18.270000457763672
2023-06-29,90.3292007446289,85.64218139648438,86.32109832763672,19.31999969482422,18.25
2023-06-30,91.3274154663086,85.82877349853516,86.47169494628906,19.489999771118164,18.3700008392334
2023-07-03,91.61934661865234,85.45649719238281,86.52601623535156,19.459999084472656,18.399999618530277
2023-07-05,91.10138702392578,85.04682159423828,86.27674102783203,19.709999084472656,18.32999992370605
2023-07-06,89.98075866699219,84.35210418701172,86.10763549804688,19.690000534057617,18.280000686645508
2023-07-07,90.21619415283205,84.2452163696289,86.13433074951172,19.899999618530277,18.40999984741211
2023-07-10,90.49869537353516,84.68163299560547,86.23225402832031,19.899999618530277,18.420000076293945
2023-07-11,91.28031158447266,84.85977172851562,86.1877212524414,20.15999984741211,18.5
2023-07-12,92.34445190429688,85.68806457519531,86.55272674560547,20.270000457763672,18.739999771118164
2023-07-13,93.4085922241211,86.40055084228516,86.84647369384766,20.530000686645508,18.75
2023-07-14,93.069580078125,85.9730453491211,86.5438003540039,20.3799991607666,18.700000762939453
2023-07-17,93.33326721191406,86.1155776977539,86.61503601074219,20.13999938964844,18.709999084472656
2023-07-18,93.89828491210938,86.21351623535156,86.61503601074219,20.459999084472656,18.93000030517578
2023-07-19,93.98303985595705,86.50745391845703,86.65953826904297,20.56999969482422,18.940000534057617
2023-07-20,93.3426742553711,85.82164001464844,86.61503601074219,20.68000030517578,18.850000381469727
2023-07-21,93.3803482055664,85.89290618896484,86.65953826904297,20.86000061035156,18.780000686645508
2023-07-24,93.71936798095705,85.68806457519531,86.71294403076172,21.299999237060547,18.709999084472656
2023-07-25,94.00186920166016,85.5277099609375,86.65062713623047,21.3700008392334,18.790000915527344
2023-07-26,94.17137908935548,85.82164001464844,86.75743103027344,21.25,18.899999618530277
2023-07-27,93.5498504638672,84.886474609375,86.57051086425781,21.350000381469727,18.61000061035156
2023-07-28,94.5198211669922,85.16256713867188,86.72183990478516,21.450000762939453,18.739999771118164
2023-07-31,94.72698974609376,85.26947784423828,86.81976318359375,21.600000381469727,18.799999237060547
2023-08-01,94.15254974365234,84.77120971679688,86.64756774902344,21.549999237060547,18.600000381469727
2023-08-02,92.5798797607422,84.6015853881836,86.6297378540039,21.15999984741211,18.520000457763672
2023-08-03,92.38211822509766,83.9765396118164,86.53153991699219,21.399999618530277,18.5
2023-08-04,92.21260833740234,84.86943054199219,86.90631103515625,21.459999084472656,18.56999969482422
2023-08-07,92.8906478881836,84.6640625,87.00447845458984,21.5,18.530000686645508
2023-08-08,92.3162078857422,85.09264373779297,86.99553680419922,21.5,18.43000030517578
2023-08-09,91.93952178955078,85.14622497558594,86.92416381835938,21.799999237060547,18.34000015258789
2023-08-10,92.08077239990234,84.49442291259766,86.79924774169922,21.59000015258789,18.299999237060547
2023-08-11,91.75119018554688,84.0479507446289,86.76356506347656,21.559999465942383,18.309999465942383
2023-08-14,91.8265151977539,83.91405487060547,86.63864135742188,21.440000534057617,18.26000022888184
2023-08-15,90.74354553222656,83.75332641601562,86.55833435058594,21.09000015258789,18.200000762939453
2023-08-16,90.05609130859375,83.43187713623047,86.44233703613281,20.920000076293945,18.11000061035156
2023-08-17,89.46283721923828,83.32473754882812,86.51374053955078,21.049999237060547,18.07999992370605
2023-08-18,89.40632629394531,83.57474517822266,86.58511352539062,21.280000686645508,18.06999969482422
2023-08-21,89.84892272949219,83.05684661865234,86.49588012695312,21.209999084472656,18.1200008392334
2023-08-22,89.66056823730469,83.09255981445312,86.5047836303711,21.149999618530277,18.149999618530277
2023-08-23,90.6870574951172,83.99439239501953,86.78141784667969,21.1200008392334,18.350000381469727
2023-08-24,89.5569839477539,83.681884765625,86.64756774902344,21.149999618530277,18.34000015258789
2023-08-25,90.07493591308594,83.65512084960938,86.62078094482422,21.5,18.31999969482422
2023-08-28,90.81888580322266,83.88724517822266,86.62078094482422,21.440000534057617,18.3700008392334
2023-08-29,92.0431137084961,84.48548126220703,86.86167907714844,21.520000457763672,18.540000915527344
2023-08-30,92.26912689208984,84.4765625,86.85277557373047,21.520000457763672,18.59000015258789
2023-08-31,92.03370666503906,84.64620971679688,86.95092010498047,21.700000762939453,18.56999969482422
2023-09-01,92.3538818359375,84.12882232666016,86.89990997314453,22.01000022888184,18.559999465942383
2023-09-05,91.77000427246094,83.61853790283203,86.89096069335938,22.13999938964844,18.43000030517578
2023-09-06,91.2426528930664,83.40371704101562,86.77456665039062,22.209999084472656,18.34000015258789
2023-09-07,90.86595916748048,83.69015502929688,86.94466400146484,22.170000076293945,18.3700008392334
2023-09-08,90.90364074707033,83.70806884765625,86.98046875,22.25,18.36000061035156
2023-09-11,91.63816833496094,83.5648422241211,87.04313659667969,22.399999618530277,18.38999938964844
2023-09-12,91.2520751953125,83.68119812011719,87.03418731689453,22.520000457763672,18.299999237060547
2023-09-13,91.14847564697266,83.77967834472656,87.12371826171875,22.600000381469727,18.270000457763672
2023-09-14,92.07134246826172,83.59168243408203,87.1058120727539,22.88999938964844,18.26000022888184
2023-09-15,91.30857849121094,83.33208465576172,87.0521011352539,22.809999465942383,18.399999618530277
2023-09-18,91.20077514648438,83.41266632080078,87.08789825439453,22.799999237060547,18.489999771118164
2023-09-19,91.03054809570312,83.10830688476562,87.0073471069336,22.84000015258789,18.489999771118164
2023-09-20,90.4063949584961,83.0456314086914,86.86407470703125,22.57999992370605,18.489999771118164
2023-09-21,88.92169189453125,82.42796325683594,86.80144500732422,22.530000686645508,18.3700008392334
2023-09-22,88.90277862548828,82.750244140625,86.89990997314453,22.57999992370605,18.43000030517578
2023-09-25,88.99734497070312,82.1415023803711,86.72979736328125,22.5,18.31999969482422
2023-09-26,87.7490463256836,82.11465454101562,86.64027404785156,22.530000686645508,18.170000076293945
2023-09-27,87.75850677490234,81.74761962890625,86.63134765625,22.82999992370605,17.959999084472656
2023-09-28,88.36376190185547,81.97142791748047,86.83722686767578,22.739999771118164,17.860000610351562
2023-09-29,88.11786651611328,81.98932647705078,86.765625,22.51000022888184,17.690000534057617
2023-10-02,87.6450424194336,81.32424926757812,86.5925521850586,22.25,17.5
2023-10-03,86.4534683227539,80.65113067626953,86.37734985351562,22.229999542236328,17.440000534057617
2023-10-04,86.81283569335938,81.1626968383789,86.4849624633789,21.489999771118164,17.440000534057617
2023-10-05,87.0208969116211,81.31529235839844,86.55668640136719,21.229999542236328,17.40999984741211
2023-10-06,87.98546600341797,80.839599609375,86.44908905029297,21.34000015258789,17.5
2023-10-09,88.25025939941406,81.87176513671875,86.85260009765625,21.86000061035156,17.81999969482422
2023-10-10,89.03516387939453,81.71019744873047,86.84362030029297,21.780000686645508,17.799999237060547
2023-10-11,89.44181823730469,82.1589584350586,86.87950897216797,21.57999992370605,17.920000076293945
2023-10-12,88.6474609375,81.36912536621094,86.87052154541016,21.6200008392334,17.8799991607666
2023-10-13,88.06114196777344,81.88968658447266,87.08572387695312,22.26000022888184,18.440000534057617
2023-10-16,88.95952606201172,81.405029296875,87.08572387695312,22.1200008392334,18.36000061035156
2023-10-17,88.95952606201172,80.60623168945312,86.84362030029297,22.13999938964844,18.38999938964844
2023-10-18,87.60720825195312,80.22931671142578,86.8167495727539,22.32999992370605,18.65999984741211
2023-10-19,86.85066223144531,79.8343734741211,86.96017456054688,22.61000061035156,18.8799991607666
2023-10-20,85.85771942138672,80.30109405517578,87.09469604492188,22.40999984741211,18.940000534057617
2023-10-23,85.69694519042969,80.67803955078125,87.04985809326172,22.1200008392334,18.8799991607666
2023-10-24,86.34945678710938,80.82164001464844,86.96914672851562,21.780000686645508,18.8700008392334
2023-10-25,85.22411346435547,80.11261749267578,86.91535186767578,21.979999542236328,18.940000534057617
2023-10-26,84.50540161132812,80.72293853759766,87.10367584228516,21.799999237060547,18.989999771118164
2023-10-27,84.13658142089844,80.84857177734375,87.24714660644531,22.11000061035156,19.200000762939453
2023-10-30,85.12954711914062,80.57930755615234,87.1753921508789,21.71999931335449,19.100000381469727
2023-10-31,85.545654296875,80.40879821777344,87.09469604492188,21.6299991607666,18.979999542236328
2023-11-01,86.38728332519531,81.33489990234375,87.36841583251953,21.59000015258789,18.920000076293945
2023-11-02,88.14624786376953,81.83893585205078,87.38641357421875,21.8700008392334,19.0
2023-11-03,89.22429656982422,82.46895599365234,87.65650177001953,21.670000076293945,19.059999465942383
2023-11-06,89.21484375,81.9919204711914,87.53948211669922,21.65999984741211,18.90999984741211
2023-11-07,89.1581039428711,82.45994567871094,87.55744934082031,21.049999237060547,18.84000015258789
2023-11-08,89.10137176513672,82.79296112060547,87.5034408569336,20.770000457763672,18.63999938964844
2023-11-09,88.5339584350586,81.97390747070312,87.27837371826172,20.670000076293945,18.729999542236328
2023-11-10,89.57420349121094,82.06393432617188,87.26036071777344,20.8700008392334,18.520000457763672
2023-11-13,89.56475830078125,82.01891326904297,87.34136962890625,21.21999931335449,18.6200008392334
2023-11-14,91.6357650756836,83.25193786621094,87.64749908447266,21.18000030517578,18.780000686645508
2023-11-15,91.81544494628906,82.60395050048828,87.48544311523438,21.030000686645508,18.739999771118164
2023-11-16,91.64523315429688,83.22496032714844,87.59347534179688,20.420000076293945,18.950000762939453
2023-11-17,92.1559066772461,83.2789306640625,87.64749908447266,20.799999237060547,18.950000762939453
2023-11-20,92.7611312866211,83.39596557617188,87.75553894042969,21.07999992370605,18.920000076293945
2023-11-21,92.51525115966795,83.50393676757812,87.71953582763672,21.18000030517578,19.1200008392334
2023-11-22,92.74222564697266,83.47695922851562,87.72853088378906,20.96999931335449,19.040000915527344
2023-11-24,92.98809814453124,83.04495239257812,87.62049102783203,20.76000022888184,19.149999618530277
2023-11-27,92.80840301513672,83.67497253417969,87.68352508544922,20.549999237060547,19.26000022888184
2023-11-28,92.95973205566406,84.04397583007812,87.95362854003906,20.86000061035156,19.520000457763672
2023-11-29,92.97863006591795,84.4849853515625,88.1336898803711,21.06999969482422,19.559999465942383
2023-11-30,93.25287628173828,84.07096099853516,88.06166076660156,20.68000030517578,19.46999931335449
2023-12-01,94.05670166015624,84.86420440673828,88.2728271484375,20.489999771118164,19.809999465942383
2023-12-04,93.4798355102539,84.51226806640625,88.12841796875,20.32999992370605,19.38999938964844
2023-12-05,93.27178192138672,85.10784912109375,88.20063018798828,20.18000030517578,19.31999969482422
2023-12-06,93.10157775878906,85.45980834960938,88.11941528320312,19.6200008392334,19.38999938964844
2023-12-07,93.7257080078125,85.3334732055664,88.12841796875,19.709999084472656,19.40999984741211
2023-12-08,93.99050903320312,84.78299713134766,88.05622100830078,19.920000076293945,19.15999984741211
2023-12-11,94.34039306640624,84.79202270507812,88.00210571289062,19.8799991607666,18.950000762939453
2023-12-12,94.57682037353516,84.9725112915039,87.9749984741211,19.46999931335449,18.93000030517578
2023-12-13,95.9764175415039,86.23588562011719,88.54353332519531,19.68000030517578,19.350000381469727
2023-12-14,96.72349548339844,86.9527359008789,88.9586410522461,20.07999992370605,19.479999542236328
2023-12-15,96.27903747558594,86.88032531738281,88.86840057373047,20.149999618530277,19.290000915527344
2023-12-18,96.6612548828125,86.69024658203125,88.81425476074219,20.31999969482422,19.3700008392334
2023-12-19,97.38567352294922,86.8531723022461,88.82328033447266,20.520000457763672,19.520000457763672
2023-12-20,96.0512237548828,87.27854919433594,88.9586410522461,20.309999465942383,19.399999618530277
2023-12-21,97.29035186767578,87.1427993774414,88.99475860595703,20.40999984741211,19.549999237060547
2023-12-22,97.43331909179688,87.06135559082031,88.94962310791016,20.32999992370605,19.63999938964844
2023-12-26,97.91943359375,87.11565399169922,88.94962310791016,20.6200008392334,19.770000457763672
2023-12-27,98.20537567138672,87.7944564819336,89.04887390136719,20.479999542236328,19.8700008392334
2023-12-28,98.2721176147461,87.45957946777344,88.9405746459961,20.18000030517578,19.76000022888184
2023-12-29,98.06241607666016,87.24235534667969,88.96766662597656,20.059999465942383,19.739999771118164
2024-01-02,97.23316192626952,86.91654205322266,88.90447235107422,19.850000381469727,19.68000030517578
2024-01-03,96.39437103271484,87.12467956542969,88.94962310791016,20.25,19.520000457763672
2024-01-04,96.27999877929688,86.59974670410156,88.859375,20.190000534057617,19.540000915527344
2024-01-05,96.39437103271484,86.282958984375,88.77814483642578,20.32999992370605,19.530000686645508
2024-01-08,97.55723571777344,86.57257080078125,88.82328033447266,19.950000762939453,19.38999938964844
2024-01-09,97.08065795898438,86.53638458251953,88.81425476074219,20.18000030517578,19.399999618530277
2024-01-10,97.55723571777344,86.40060424804688,88.80523681640625,20.020000457763672,19.34000015258789
2024-01-11,97.51911163330078,86.86222839355469,89.10303497314453,20.25,19.3799991607666
2024-01-12,97.67161560058594,87.09754943847656,89.32862854003906,20.290000915527344,19.56999969482422
2024-01-16,96.72797393798828,86.3915786743164,89.15715789794922,20.13999938964844,19.38999938964844
2024-01-17,95.96543884277344,86.11099243164062,88.9405746459961,20.15999984741211,19.170000076293945
2024-01-18,96.78516387939452,85.9209213256836,89.04887390136719,20.3700008392334,19.32999992370605
2024-01-19,97.66207885742188,85.9299545288086,89.02178955078125,20.350000381469727,19.38999938964844
2024-01-22,97.8908462524414,86.19246673583984,89.05789947509766,20.5,19.309999465942383
2024-01-23,98.04334259033205,85.9752197265625,89.0127944946289,20.59000015258789,19.38999938964844
2024-01-24,98.30069732666016,85.73085021972656,88.93158721923828,20.770000457763672,19.229999542236328
2024-01-25,98.72964477539062,86.10194396972656,89.12105560302734,21.059999465942383,19.309999465942383
2024-01-26,98.79635620117188,85.94805908203125,89.10303497314453,21.25,19.309999465942383
2024-01-29,99.50170135498048,86.4639892578125,89.2383804321289,21.020000457763672,19.43000030517578
2024-01-30,99.27294921875,86.58164978027344,89.17520141601562,21.200000762939453,19.459999084472656
2024-01-31,98.06241607666016,87.30570220947266,89.35568237304688,20.940000534057617,19.450000762939453
2024-02-01,99.20623016357422,87.84648132324219,89.34666442871094,20.63999938964844,19.649999618530277
2024-02-02,99.57796478271484,86.70325469970703,88.94962310791016,20.3700008392334,19.459999084472656
2024-02-05,99.10137939453124,85.85945892333984,88.81425476074219,20.46999931335449,19.3700008392334
2024-02-06,99.65422058105467,86.32219696044922,89.02178955078125,20.59000015258789,19.459999084472656
2024-02-07,100.1594009399414,86.16796112060547,88.97669219970703,20.71999931335449,19.450000762939453
2024-02-08,100.1975326538086,85.88666534423828,88.98568725585938,21.030000686645508,19.43000030517578
2024-02-09,100.7503662109375,85.732421875,88.90447235107422,21.06999969482422,19.350000381469727
2024-02-12,100.88379669189452,85.81407928466797,88.94962310791016,21.11000061035156,19.31999969482422
2024-02-13,99.2920150756836,84.8704833984375,88.76011657714844,21.07999992370605,19.040000915527344
2024-02-14,100.3976821899414,85.18803405761719,88.9405746459961,20.850000381469727,19.030000686645508
2024-02-15,101.25555419921876,85.4239273071289,89.03985595703125,21.01000022888184,19.170000076293945
2024-02-16,101.01725006103516,85.05194091796875,88.97669219970703,21.11000061035156,19.229999542236328
2024-02-20,100.74083709716795,85.19712829589844,89.02178955078125,21.0,19.36000061035156
2024-02-21,100.76943969726562,84.9249267578125,88.99475860595703,21.09000015258789,19.350000381469727
2024-02-22,102.4088897705078,84.93400573730469,88.92254638671875,21.15999984741211,19.36000061035156
2024-02-23,102.4851303100586,85.32412719726562,88.93158721923828,20.86000061035156,19.46999931335449
2024-02-26,102.21824645996094,85.19712829589844,88.97669219970703,21.049999237060547,19.440000534057617
2024-02-27,102.43748474121094,85.00657653808594,88.96766662597656,21.21999931335449,19.399999618530277
2024-02-28,102.04668426513672,85.3150634765625,89.10303497314453,21.100000381469727,19.450000762939453
2024-02-29,102.46607971191406,85.4874496459961,89.22032928466797,21.1200008392334,19.530000686645508
2024-03-01,103.38111877441406,85.87773132324219,89.41887664794922,21.350000381469727,19.90999984741211
2024-03-04,103.2190933227539,85.68669128417969,89.38279724121094,21.270000457763672,20.239999771118164
2024-03-05,102.4279556274414,86.21430206298828,89.49103546142578,21.11000061035156,20.36000061035156
2024-03-06,103.24767303466795,86.42355346679688,89.50009155273438,21.270000457763672,20.530000686645508
2024-03-07,104.3056869506836,86.56912231445312,89.54521179199219,21.34000015258789,20.63999938964844
2024-03-08,103.81004333496094,86.6327896118164,89.6083755493164,21.190000534057617,20.81999969482422
2024-03-11,103.57177734375,86.52362823486328,89.51811981201172,21.309999465942383,20.850000381469727
2024-03-12,104.57257843017578,86.16883850097656,89.49103546142578,21.280000686645508,20.6200008392334
2024-03-13,104.40101623535156,85.9778060913086,89.45497131347656,21.61000061035156,20.76000022888184
2024-03-14,103.9339599609375,85.34097290039062,89.33765411376953,21.71999931335449,20.690000534057617
2024-03-15,103.4756317138672,85.19544219970703,89.27445983886719,21.809999465942383,20.6299991607666
2024-03-18,103.8583755493164,85.09537506103516,89.29251861572266,22.100000381469727,20.63999938964844
2024-03-19,104.22198486328124,85.34097290039062,89.40081024169922,22.100000381469727,20.6200008392334
2024-03-20,105.2553939819336,85.54112243652344,89.59033203125,21.93000030517578,20.86000061035156
2024-03-21,105.5711669921875,85.55020904541016,89.62641906738281,21.8799991607666,20.86000061035156
2024-03-22,105.24581909179688,85.96870422363281,89.74370574951172,21.799999237060547,20.690000534057617
2024-03-25,105.03532409667967,85.74127197265625,89.67153930664062,21.979999542236328,20.76000022888184
2024-03-26,104.9109115600586,85.86862182617188,89.67153930664062,21.809999465942383,20.809999465942383
2024-03-27,105.69554138183594,86.19612884521484,89.76178741455078,21.82999992370605,20.959999084472656
2024-03-28,105.73383331298828,86.11426544189453,89.7256851196289,22.059999465942383,21.239999771118164
2024-04-01,105.45632934570312,85.3350830078125,89.54954528808594,22.21999931335449,21.450000762939453
2024-04-02,104.84394073486328,85.15260314941406,89.64889526367188,22.43000030517578,21.780000686645508
2024-04-03,105.1118621826172,85.25296783447266,89.71212768554688,22.600000381469727,21.96999931335449
2024-04-04,104.03060150146484,85.54493713378906,89.85661315917969,22.770000457763672,21.850000381469727
2024-04-05,104.88221740722656,84.979248046875,89.75729370117188,22.84000015258789,22.209999084472656
2024-04-08,105.1118621826172,84.78764343261719,89.72114562988281,22.799999237060547,22.36000061035156
2024-04-09,105.2745132446289,85.12523651123047,89.80247497558594,22.68000030517578,22.479999542236328
2024-04-10,104.06887817382812,83.9938735961914,89.46827697753906,22.780000686645508,22.26000022888184
2024-04-11,104.6621322631836,83.87525939941406,89.5224838256836,22.670000076293945,22.690000534057617
2024-04-12,102.9684829711914,84.22195434570312,89.66697692871094,22.690000534057617,22.38999938964844
2024-04-15,102.00202941894533,83.68368530273438,89.63985443115234,22.739999771118164,22.809999465942383
2024-04-16,101.4183578491211,83.355224609375,89.53150939941406,22.700000762939453,22.850000381469727
2024-04-17,101.0356216430664,83.88436889648438,89.5766372680664,22.299999237060547,22.68000030517578
2024-04-18,100.88250732421876,83.59243774414062,89.5766372680664,22.290000915527344,22.75
2024-04-19,100.41364288330078,83.701904296875,89.60375213623047,22.46999931335449,22.82999992370605
2024-04-22,101.35137176513672,83.71104431152344,89.60375213623047,22.5,22.270000457763672
2024-04-23,102.5091781616211,83.82051849365234,89.69406127929688,22.6299991607666,22.200000762939453
2024-04-24,102.48048400878906,83.5650405883789,89.69406127929688,22.530000686645508,22.170000076293945
2024-04-25,102.1551513671875,83.2457046508789,89.56761932373047,22.709999084472656,22.290000915527344
2024-04-26,103.07373809814452,83.47382354736328,89.59471130371094,22.670000076293945,22.3700008392334
2024-04-29,103.5234603881836,83.81140899658203,89.75729370117188,22.59000015258789,22.31999969482422
2024-04-30,101.94463348388672,83.41907501220703,89.5766372680664,22.270000457763672,21.88999938964844
2024-05-01,101.75325012207033,83.74940490722656,89.68750762939453,21.82999992370605,22.06999969482422
2024-05-02,102.9971694946289,84.14290618896484,89.887451171875,21.86000061035156,22.01000022888184
2024-05-03,104.09757995605467,84.609619140625,90.04196166992188,21.850000381469727,22.0
2024-05-06,105.0257339477539,84.68283081054688,90.03285217285156,22.040000915527344,22.229999542236328
2024-05-07,105.05445098876952,84.90242767333984,89.97833251953125,22.030000686645508,22.1200008392334
2024-05-08,104.98747253417967,84.66452026367188,89.97833251953125,22.020000457763672,22.049999237060547
2024-05-09,105.63814544677734,84.92076110839844,90.1328125,22.1299991607666,22.399999618530277
2024-05-10,105.81037902832033,84.64620971679688,90.04196166992188,21.989999771118164,22.59000015258789
2024-05-13,105.79122924804688,84.74689483642578,90.06920623779297,22.1200008392334,22.32999992370605
2024-05-14,106.44190979003906,84.99397277832031,90.1237335205078,21.959999084472656,22.520000457763672
2024-05-15,107.67627716064452,85.634521484375,90.2964096069336,22.09000015258789,22.799999237060547
2024-05-16,107.331787109375,85.46980285644531,90.2691421508789,22.18000030517578,22.71999931335449
2024-05-17,107.62842559814452,85.20440673828125,90.2691421508789,22.43000030517578,23.100000381469727
2024-05-20,107.69540405273438,85.07630920410156,90.2691421508789,22.520000457763672,23.190000534057617
2024-05-21,107.68585205078124,85.29592895507812,90.36003875732422,22.440000534057617,23.149999618530277
2024-05-22,107.14041900634766,85.18611907958984,90.2964096069336,22.200000762939453,22.729999542236328
2024-05-23,106.37492370605467,84.88414764404297,90.19641876220705,22.100000381469727,22.290000915527344
2024-05-24,107.1595687866211,84.99397277832031,90.26006317138672,22.21999931335449,22.299999237060547
2024-05-28,107.07344818115234,84.51809692382812,90.25096893310548,22.670000076293945,22.540000915527344
2024-05-29,105.90606689453124,84.10630798339844,90.20551300048828,22.38999938964844,22.32999992370605
2024-05-30,105.83908081054688,84.52723693847656,90.32366180419922,22.07999992370605,22.3700008392334
2024-05-31,106.6332778930664,84.92076110839844,90.48724365234376,21.950000762939453,22.229999542236328
2024-06-03,106.73853302001952,85.4769287109375,90.55953979492188,21.549999237060547,22.440000534057617
2024-06-04,106.52802276611328,85.9450454711914,90.61441802978516,21.32999992370605,22.239999771118164
2024-06-05,107.62842559814452,86.25711822509766,90.7150421142578,21.479999542236328,22.489999771118164
2024-06-06,107.70497131347656,86.22039031982422,90.7150421142578,21.790000915527344,22.65999984741211
2024-06-07,107.1787109375,85.31173706054688,90.44973754882812,21.530000686645508,21.8700008392334
2024-06-10,107.42748260498048,85.12815856933594,90.44973754882812,21.920000076293945,22.059999465942383
2024-06-11,107.24568939208984,85.5779037475586,90.51378631591795,21.920000076293945,22.11000061035156
2024-06-12,108.28866577148438,86.05517578125,90.48633575439452,22.020000457763672,22.18000030517578
2024-06-13,107.90592956542967,86.62423706054688,90.63269805908205,22.0,22.01000022888184
2024-06-14,107.56144714355467,86.8261489868164,90.61441802978516,22.0,22.280000686645508
2024-06-17,108.25995635986328,86.42230987548828,90.6235580444336,22.170000076293945,22.15999984741211
2024-06-18,108.61399841308594,86.79859924316406,90.80651092529295,22.31999969482422,22.25
2024-06-20,108.4226303100586,86.57833862304688,90.88883972167967,22.36000061035156,22.540000915527344
2024-06-21,108.13216400146484,86.5967025756836,90.85226440429688,22.149999618530277,22.18000030517578
2024-06-24,108.2475814819336,86.67012786865234,90.87056732177734,22.350000381469727,22.280000686645508
2024-06-25,108.45915985107422,86.74354553222656,90.87970733642578,22.09000015258789,22.170000076293945
2024-06-26,108.29566955566406,86.22039031982422,90.8248291015625,22.100000381469727,21.96999931335449
2024-06-27,108.49763488769533,86.41313171386719,90.9345932006836,22.299999237060547,22.209999084472656
2024-06-28,108.32452392578124,85.9542236328125,91.01692199707033,22.149999618530277,22.21999931335449
2024-07-01,108.46878814697266,85.31438446044922,90.92326354980467,22.43000030517578,22.280000686645508
2024-07-02,108.9785385131836,85.63658142089844,90.9783706665039,22.46999931335449,22.26000022888184
2024-07-03,109.81527709960938,86.20738983154297,91.0702133178711,22.530000686645508,22.520000457763672
2024-07-05,110.3249969482422,86.68611145019531,91.29065704345705,22.56999969482422,22.82999992370605
2024-07-08,110.2961654663086,86.7137222290039,91.25390625,22.25,22.530000686645508
2024-07-09,110.27692413330078,86.59404754638672,91.24473571777344,22.1200008392334,22.56999969482422
2024-07-10,111.44066619873048,86.67689514160156,91.24473571777344,22.13999938964844,22.670000076293945
2024-07-11,111.21946716308594,87.22929382324219,91.29983520507812,22.25,23.059999465942383
2024-07-12,111.96965026855467,87.41339874267578,91.41007232666016,22.15999984741211,23.059999465942383
2024-07-15,111.94078063964844,87.13722229003906,91.4559555053711,21.989999771118164,23.1299991607666
2024-07-16,112.76791381835938,87.52388000488281,91.4927215576172,21.8799991607666,23.59000015258789
2024-07-17,111.37335205078124,87.59754180908203,91.52029418945312,22.0,23.479999542236328
2024-07-18,110.4308090209961,87.34894561767578,91.41007232666016,21.82999992370605,23.31999969482422
2024-07-19,109.69983673095705,87.07278442382812,91.34577941894533,21.51000022888184,22.90999984741211
2024-07-22,110.79627227783205,86.98992156982422,91.29983520507812,21.600000381469727,22.90999984741211
2024-07-23,110.45004272460938,87.05435180664062,91.34577941894533,21.440000534057617,22.989999771118164
2024-07-24,108.32452392578124,86.86103820800781,91.33658599853516,21.40999984741211,22.920000076293945
2024-07-25,107.95904541015624,87.05435180664062,91.38250732421876,21.479999542236328,22.549999237060547
2024-07-26,109.1997299194336,87.4686508178711,91.51109313964844,21.239999771118164,22.790000915527344
2024-07-29,109.0554656982422,87.61595153808594,91.52029418945312,21.049999237060547,22.770000457763672
2024-07-30,108.77655792236328,87.80005645751953,91.53864288330078,20.989999771118164,22.989999771118164
2024-07-31,110.46926879882812,88.44449615478516,91.7958526611328,21.51000022888184,23.40999984741211
2024-08-01,108.46878814697266,88.82219696044922,91.85748291015624,21.149999618530277,23.31999969482422
2024-08-02,106.47791290283205,90.19807434082033,92.0323257446289,20.76000022888184,23.290000915527344
2024-08-05,103.60221862792967,90.29037475585938,92.05994415283205,20.65999984741211,23.0
2024-08-06,104.38126373291016,89.4870376586914,91.93109893798828,20.57999992370605,22.799999237060547
2024-08-07,104.11194610595705,89.1638412475586,91.88508605957033,20.86000061035156,22.790000915527344
2024-08-08,106.33363342285156,88.89607238769531,91.85748291015624,20.979999542236328,23.149999618530277
2024-08-09,106.77606964111328,89.25617218017578,91.90351104736328,21.11000061035156,23.200000762939453
2024-08-12,106.7953109741211,89.50552368164062,92.0691375732422,21.5,23.600000381469727
2024-08-13,108.45915985107422,89.90255737304688,92.12435913085938,21.280000686645508,23.559999465942383
2024-08-14,108.72847747802734,90.02259063720703,92.10594177246094,21.200000762939453,23.3700008392334
2024-08-15,110.33462524414062,89.45933532714844,91.99552917480467,21.309999465942383,23.450000762939453
2024-08-16,110.7674331665039,89.63477325439453,91.99552917480467,21.13999938964844,23.959999084472656
2024-08-19,111.90231323242188,89.75482177734375,91.9587173461914,21.0,23.93000030517578
2024-08-20,111.59455871582033,90.11495971679688,92.09676361083984,20.899999618530277,24.020000457763672
2024-08-21,112.23893737792967,90.29962921142578,92.2071762084961,20.71999931335449,23.989999771118164
2024-08-22,111.29640197753906,89.88411712646484,92.1151351928711,20.780000686645508,23.700000762939453
2024-08-23,112.91218566894533,90.29962921142578,92.3912124633789,21.149999618530277,23.979999542236328
2024-08-26,112.39280700683594,90.18881225585938,92.42803192138672,21.450000762939453,24.059999465942383
2024-08-27,112.7198257446289,90.1518783569336,92.4464340209961,21.31999969482422,24.11000061035156
2024-08-28,112.06581115722656,90.10572052001952,92.4464340209961,21.06999969482422,23.959999084472656
2024-08-29,112.22932434082033,89.94874572753906,92.42803192138672,21.309999465942383,24.06999969482422
2024-08-30,113.0468292236328,89.63477325439453,92.3636245727539,21.040000915527344,23.90999984741211
2024-09-03,110.82514190673828,90.22566223144533,92.37097930908205,20.56999969482422,23.809999465942383
2024-09-04,110.5846939086914,90.75355529785156,92.45384979248048,20.32999992370605,23.81999969482422
2024-09-05,110.392333984375,90.96658325195312,92.47227478027344,20.3799991607666,24.020000457763672
2024-09-06,108.51687622070312,91.09625244140624,92.58275604248048,20.09000015258789,23.82999992370605
2024-09-09,109.63253021240234,91.22589874267578,92.64720153808594,20.190000534057617,23.940000534057617
2024-09-10,109.7479476928711,91.61488342285156,92.75768280029295,19.84000015258789,24.049999237060547
2024-09-11,110.64238739013672,91.55005645751952,92.80374145507812,20.06999969482422,24.01000022888184
2024-09-12,111.59455871582033,91.40188598632812,92.87742614746094,20.43000030517578,24.43000030517578
2024-09-13,112.18123626708984,91.57785034179688,93.07074737548828,20.43000030517578,24.65999984741211
2024-09-16,112.61402893066406,91.8186264038086,93.15364837646484,20.600000381469727,24.65999984741211
2024-09-17,112.54669952392578,91.65192413330078,93.16285705566406,20.76000022888184,24.530000686645508
2024-09-18,112.22932434082033,91.25369262695312,93.09839630126952,20.61000061035156,24.350000381469727
2024-09-19,114.22018432617188,91.1795883178711,93.28253936767578,21.01000022888184,24.709999084472656
2024-09-20,113.7926254272461,91.15180206298828,93.31015014648438,21.030000686645508,25.030000686645508
2024-09-23,114.15938568115234,91.09625244140624,93.29174041748048,21.040000915527344,25.09000015258789
2024-09-24,114.9315185546875,91.19811248779295,93.46671295166016,21.34000015258789,25.43000030517578
2024-09-25,114.36206817626952,90.8276596069336,93.30094909667967,21.1200008392334,25.40999984741211
2024-09-26,115.78085327148438,90.76282501220705,93.1996841430664,20.8799991607666,25.520000457763672
2024-09-27,115.44305419921876,91.12403106689452,93.36540222167967,21.059999465942383,25.32999992370605
2024-09-30,115.52992248535156,90.87395477294922,93.29174041748048,21.0,25.1299991607666
2024-10-01,114.79640197753906,91.20464324951172,93.44849395751952,21.36000061035156,25.3799991607666
2024-10-02,114.97013092041016,90.94457244873048,93.43927764892578,21.549999237060547,25.38999938964844
2024-10-03,114.33311462402344,90.48013305664062,93.34707641601562,21.940000534057617,25.3799991607666
2024-10-04,115.34654998779295,89.60699462890625,93.01512908935548,21.989999771118164,25.32999992370605
2024-10-07,114.6516342163086,89.28191375732422,92.98748016357422,22.350000381469727,25.239999771118164
2024-10-08,114.84465026855467,89.35621643066406,93.03358459472656,21.76000022888184,25.040000915527344
2024-10-09,115.29827880859376,89.0218276977539,92.95980834960938,21.61000061035156,24.920000076293945
2024-10-10,115.11489868164062,89.0125503540039,93.1718978881836,22.049999237060547,25.09000015258789
2024-10-11,115.90632629394533,89.04039764404297,93.25486755371094,22.040000915527344,25.36000061035156
2024-10-14,116.48542785644533,88.88249969482422,93.16265869140624,21.690000534057617,25.32999992370605
2024-10-15,115.28862762451172,89.3376235961914,93.13497924804688,21.200000762939453,25.420000076293945
2024-10-16,115.85807800292967,89.47697448730469,93.16265869140624,21.149999618530277,25.549999237060547
2024-10-17,115.80016326904295,89.0125503540039,93.0888900756836,21.13999938964844,25.700000762939453
2024-10-18,116.36961364746094,89.11471557617188,93.16265869140624,20.989999771118164,25.959999084472656
2024-10-21,115.77120208740234,88.42733001708984,92.96904754638672,21.1299991607666,25.979999542236328
2024-10-22,115.49131774902344,88.34375762939453,93.03358459472656,21.440000534057617,26.25
2024-10-23,114.487548828125,88.13941955566406,92.93214416503906,21.3799991607666,25.93000030517578
2024-10-24,114.7867431640625,88.33447265625,92.93214416503906,21.34000015258789,26.1200008392334
2024-10-25,114.5937042236328,88.13941955566406,92.87682342529295,21.520000457763672,26.190000534057617
2024-10-28,115.1921157836914,87.93506622314453,92.775390625,20.88999938964844,26.18000030517578
2024-10-29,115.09559631347656,87.97218322753906,92.86760711669922,20.81999969482422,26.479999542236328
2024-10-30,114.6709213256836,87.84217834472656,92.86760711669922,21.07999992370605,26.6200008392334
2024-10-31,113.01084899902344,87.79573059082031,92.87682342529295,21.299999237060547,26.209999084472656
2024-11-01,113.46446228027344,87.27582550048828,92.78636932373048,21.06999969482422,26.11000061035156
2024-11-04,113.40657043457033,87.74169158935547,92.78636932373048,21.450000762939453,26.1299991607666
2024-11-05,114.77709197998048,87.78825378417969,92.75865936279295,21.520000457763672,26.190000534057617
2024-11-06,116.28275299072266,86.88448333740234,92.94329071044922,21.399999618530277,25.40999984741211
2024-11-07,117.5084991455078,87.58329772949219,93.09098052978516,21.549999237060547,25.81999969482422
2024-11-08,117.18034362792967,87.7696304321289,93.0817413330078,21.21999931335449,25.63999938964844
2024-11-11,117.3154754638672,87.52738952636719,92.94329071044922,20.88999938964844,25.040000915527344
2024-11-12,116.37926483154295,86.97766876220703,92.83251953125,20.82999992370605,24.82999992370605
2024-11-13,116.13797760009766,86.92176055908203,92.878662109375,20.799999237060547,24.57999992370605
2024-11-14,115.53956604003906,86.9124526977539,92.78636932373048,20.809999465942383,24.51000022888184
2024-11-15,114.39102172851562,86.94972229003906,92.878662109375,20.700000762939453,24.459999084472656
2024-11-18,115.06664276123048,87.14537811279297,92.98944091796876,21.1299991607666,24.93000030517578
2024-11-19,115.3658447265625,87.33171844482422,93.06327056884766,21.200000762939453,25.13999938964844
2024-11-20,115.3368911743164,87.20128631591797,93.0817413330078,21.229999542236328,25.290000915527344
2024-11-21,115.88703155517578,87.1546859741211,93.01712799072266,21.40999984741211,25.51000022888184
2024-11-22,116.388916015625,87.2105941772461,93.0540542602539,21.479999542236328,25.84000015258789
2024-11-25,116.88114166259766,88.15165710449219,93.13712310791016,21.200000762939453,25.06999969482422
2024-11-26,116.95835876464844,87.96527862548828,93.11864471435548,21.149999618530277,25.1299991607666
2024-11-27,116.81358337402344,88.31936645507812,93.20173645019533,21.1200008392334,25.170000076293945
2024-11-29,117.69189453125,88.69205474853516,93.30329132080078,21.13999938964844,25.399999618530277
2024-12-02,117.94281768798828,88.6845703125,93.27460479736328,21.0,25.170000076293945
2024-12-03,118.13585662841795,88.4322280883789,93.35784912109376,21.270000457763672,25.229999542236328
2024-12-04,118.61843872070312,88.76869201660156,93.44108581542967,21.09000015258789,25.309999465942383
2024-12-05,118.63773345947266,88.75934600830078,93.37632751464844,21.06999969482422,25.1200008392334
2024-12-06,118.7825164794922,89.03974151611328,93.45034790039062,20.90999984741211,25.1299991607666
2024-12-09,118.54122161865234,88.73130798339844,93.40408325195312,21.149999618530277,25.3700008392334
2024-12-10,117.78840637207033,88.57243347167969,93.39484405517578,21.239999771118164,25.690000534057617
2024-12-11,118.68600463867188,88.31075286865234,93.44108581542967,21.5,25.940000534057617
2024-12-12,117.8849105834961,87.97427368164062,93.37632751464844,21.479999542236328,25.57999992370605
2024-12-13,117.74979400634766,87.56306457519531,93.2931137084961,21.56999969482422,25.280000686645508
2024-12-16,117.90422821044922,87.59110260009766,93.23760986328124,21.40999984741211,25.31999969482422
2024-12-17,117.41197967529295,87.59110260009766,93.2098617553711,21.32999992370605,25.239999771118164
2024-12-18,113.94705200195312,86.91410064697266,92.923583984375,21.190000534057617,24.75
2024-12-19,113.92774200439452,86.520263671875,92.87725067138672,21.13999938964844,24.780000686645508
2024-12-20,114.84860229492188,86.83907318115234,92.99769592285156,21.51000022888184,25.049999237060547
2024-12-23,115.48064422607422,86.45459747314453,92.96988677978516,21.280000686645508,24.90999984741211
2024-12-24,116.39468383789062,86.50150299072266,93.03475189208984,21.38999938964844,24.959999084472656
2024-12-26,116.53082275390624,86.567138671875,93.02549743652344,21.34000015258789,25.149999618530277
2024-12-27,115.61677551269533,86.34209442138672,93.02549743652344,21.420000076293945,24.959999084472656
2024-12-30,114.49853515625,86.84844207763672,93.14595794677734,21.65999984741211,24.88999938964844
2024-12-31,114.23599243164062,86.68904113769531,93.2107925415039,21.770000457763672,25.049999237060547
2025-01-02,114.0026397705078,86.73592376708984,93.26639556884766,21.989999771118164,25.38999938964844
2025-01-03,115.17920684814452,86.59529113769531,93.2015380859375,21.950000762939453,25.18000030517578
2025-01-06,115.88905334472656,86.5108871459961,93.22933197021484,21.96999931335449,25.13999938964844
2025-01-07,114.75135040283205,86.11705780029297,93.22004699707033,22.06999969482422,25.299999237060547
2025-01-08,114.7902603149414,86.26707458496094,93.34976196289062,21.989999771118164,25.420000076293945
2025-01-10,112.95244598388672,85.63884735107422,93.23859405517578,22.709999084472656,25.68000030517578
2025-01-13,112.9913330078125,85.48880004882812,93.3219757080078,22.899999618530277,25.399999618530277
2025-01-14,113.38028717041016,85.51692962646484,93.37757873535156,22.84000015258789,25.540000915527344
2025-01-15,115.11114501953124,86.4171142578125,93.65554809570312,23.309999465942383,25.729999542236328
2025-01-16,115.21810150146484,86.6233901977539,93.72966766357422,23.1299991607666,25.920000076293945
2025-01-17,116.18077850341795,86.68904113769531,93.72040557861328,23.049999237060547,25.770000457763672
2025-01-21,117.5907211303711,86.97972106933594,93.66478729248048,22.899999618530277,26.170000076293945
2025-01-22,117.89216613769533,86.75467681884766,93.61849212646484,22.81999969482422,26.309999465942383
2025-01-23,118.52422332763672,86.52962493896484,93.7018585205078,22.729999542236328,26.280000686645508
2025-01-24,118.53394317626952,86.7077865600586,93.76673889160156,22.790000915527344,26.450000762939453
2025-01-27,117.1823272705078,87.2704086303711,93.859375,22.46999931335449,26.170000076293945
2025-01-28,117.9407958984375,87.27979278564453,93.9427719116211,22.56999969482422,26.38999938964844
2025-01-29,117.5810089111328,87.17664337158203,93.89644622802734,22.559999465942383,26.299999237060547
2025-01-30,118.57283782958984,87.36416625976562,93.9613037109375,22.56999969482422,26.700000762939453
2025-01-31,117.72686004638672,87.22351837158203,94.04470825195312,22.520000457763672,26.739999771118164
2025-02-03,116.8031005859375,87.28560638427734,94.1781768798828,22.649999618530277,26.88999938964844
2025-02-04,117.89216613769533,87.50196075439453,94.21524810791016,22.670000076293945,27.15999984741211
2025-02-05,118.51448822021484,88.00994873046875,94.31719207763672,22.540000915527344,27.31999969482422
2025-02-06,118.90345764160156,87.90644836425781,94.21524810791016,22.459999084472656,27.270000457763672
2025-02-07,117.9407958984375,87.6148452758789,94.13180541992188,22.5,27.299999237060547
2025-02-10,118.71869659423828,87.59601593017578,94.21524810791016,22.82999992370605,27.75
2025-02-11,118.78677368164062,87.37025451660156,94.26158905029295,22.920000076293945,27.649999618530277
2025-02-12,118.67008972167967,86.76823425292969,94.10401916503906,22.670000076293945,27.690000534057617
2025-02-13,119.95362854003906,87.41730499267578,94.22449493408205,22.799999237060547,27.959999084472656
2025-02-14,120.08004760742188,87.7841567993164,94.3357162475586,22.700000762939453,27.540000915527344
2025-02-18,120.54678344726562,87.3138198852539,94.30791473388672,23.01000022888184,27.989999771118164
2025-02-19,120.4009246826172,87.4549331665039,94.4098663330078,23.11000061035156,28.020000457763672
2025-02-20,120.2356185913086,87.63365936279297,94.4840316772461,23.09000015258789,28.020000457763672
2025-02-21,118.54366302490234,88.15103149414062,94.53963470458984,22.700000762939453,28.020000457763672
2025-02-24,117.9602279663086,88.33917999267578,94.62305450439452,22.690000534057617,28.170000076293945
2025-02-25,117.82410430908205,89.0352783203125,94.72499084472656,22.40999984741211,27.799999237060547
2025-02-26,117.9991226196289,89.27984619140625,94.78987884521484,22.299999237060547,27.84000015258789
2025-02-27,116.21965026855467,89.1763687133789,94.882568359375,22.32999992370605,27.420000076293945
2025-02-28,117.24066925048828,89.66554260253906,95.2069854736328,22.190000534057617,27.26000022888184
2025-03-03,115.99600982666016,89.9909896850586,95.29048919677734,21.96999931335449,27.600000381469727
2025-03-04,115.1500244140625,89.70796203613281,95.2533721923828,22.030000686645508,27.850000381469727
2025-03-05,117.055908203125,89.20796966552734,95.02141571044922,21.920000076293945,27.899999618530277
2025-03-06,115.31533813476562,89.16081237792969,95.02141571044922,21.84000015258789,27.76000022888184
2025-03-07,116.0446319580078,89.047607421875,95.02141571044922,22.059999465942383,27.76000022888184
2025-03-10,113.08856964111328,89.67025756835938,95.23480224609376,21.8700008392334,27.520000457763672
2025-03-11,112.63155364990234,89.34947967529297,95.20697784423828,21.989999771118164,27.850000381469727
2025-03-12,113.24415588378906,89.08534240722656,95.16986083984376,22.07999992370605,27.979999542236328
2025-03-13,111.90227508544922,89.44383239746094,95.18841552734376,21.950000762939453,28.46999931335449
2025-03-14,114.2262725830078,89.13250732421875,95.06778717041016,22.06999969482422,28.479999542236328
2025-03-17,115.36396026611328,89.20796966552734,95.03996276855467,22.239999771118164,28.63999938964844
2025-03-18,114.53743743896484,89.3117446899414,95.12345886230467,22.13999938964844,28.96999931335449
2025-03-19,115.48064422607422,89.58534240722656,95.31832122802734,22.309999465942383,29.09000015258789
2025-03-20,114.98472595214844,89.71742248535156,95.4018096923828,22.399999618530277,29.049999237060547
2025-03-21,114.7261962890625,89.64195251464844,95.46676635742188,22.299999237060547,28.809999465942383
2025-03-24,116.1797866821289,89.12306213378906,95.37398529052734,22.440000534057617,28.68000030517578
2025-03-25,116.40416717529295,89.27400207519531,95.48532104492188,22.459999084472656,28.809999465942383
2025-03-26,115.1359405517578,89.06645965576172,95.4946060180664,22.440000534057617,28.799999237060547
2025-03-27,115.00911712646484,88.99099731445312,95.67090606689452,22.5,29.18000030517578
2025-03-28,112.98970794677734,89.70796203613281,95.92141723632812,22.38999938964844,29.38999938964844
2025-03-31,113.11652374267578,89.97212982177734,96.00492095947266,22.770000457763672,29.81999969482422
2025-04-01,113.48723602294922,90.28823852539062,96.0311050415039,22.770000457763672,29.75
2025-04-02,114.16036224365234,90.20305633544922,95.95630645751952,22.920000076293945,29.809999465942383
2025-04-03,109.65328216552734,91.13053131103516,96.51708984375,21.96999931335449,29.63999938964844
2025-04-04,103.11700439453124,91.38607025146484,96.218017578125,21.030000686645508,28.959999084472656
2025-04-07,101.87804412841795,90.29771423339844,95.95630645751952,20.6299991607666,28.38999938964844
2025-04-08,100.63907623291016,89.84342193603516,96.08716583251952,20.190000534057617,28.489999771118164
2025-04-09,109.24354553222656,89.55947875976562,96.01241302490234,21.13999938964844,29.51000022888184
2025-04-10,106.19979095458984,89.00110626220703,95.65724182128906,20.75,30.26000022888184
2025-04-11,108.39479064941406,88.49951171875,95.60116577148438,21.1200008392334,30.81999969482422
2025-04-14,109.4191436767578,89.20933532714844,95.79745483398438,21.1200008392334,30.649999618530277
2025-04-15,109.52645111083984,89.47431945800781,95.75070190429688,21.059999465942383,30.82999992370605
2025-04-16,107.8972625732422,89.8623275756836,95.86286163330078,21.36000061035156,31.81999969482422
2025-04-17,108.4630889892578,89.60680389404297,96.1152114868164,21.59000015258789,31.68000030517578
2025-04-21,106.7851104736328,89.1241455078125,96.01241302490234,21.40999984741211,32.65999984741211
2025-04-22,109.11671447753906,89.19038391113281,96.15259552001952,21.559999465942383,32.20000076293945
2025-04-23,110.51177215576172,89.2850341796875,96.15259552001952,21.399999618530277,31.420000076293945
2025-04-24,112.43362426757812,89.76770782470703,96.38623809814452,21.57999992370605,31.88999938964844
2025-04-25,112.9701919555664,90.10841369628906,96.47036743164062,21.600000381469727,31.520000457763672
2025-04-28,113.29212951660156,90.46805572509766,96.65726470947266,21.51000022888184,31.989999771118164
2025-04-29,113.8091812133789,90.78035736083984,96.65726470947266,21.18000030517578,31.68000030517578
2025-04-30,113.75064086914062,90.92232513427734,96.73207092285156,20.75,31.450000762939453
2025-05-01,114.16036224365234,90.52637481689452,96.64188385009766,20.8799991607666,30.799999237060547
2025-05-02,116.15052795410156,89.918701171875,96.32247924804688,20.96999931335449,30.850000381469727
2025-05-05,115.89689636230467,89.75727844238281,96.32247924804688,20.780000686645508,31.76000022888184
2025-05-06,115.24324035644533,89.98516845703125,96.4727783203125,21.07999992370605,32.63999938964844
2025-05-07,115.3212890625,90.2225570678711,96.4915771484375,20.84000015258789,32.18000030517578
2025-05-08,115.72128295898438,89.5198974609375,96.3600845336914,21.149999618530277,31.540000915527344
2025-05-09,115.88712310791016,89.58637237548828,96.44459533691406,21.350000381469727,31.76000022888184
2025-05-12,118.75527954101562,89.01666259765625,95.9185791015625,21.489999771118164,30.8700008392334
2025-05-13,119.34061431884766,88.9501953125,95.99371337890624,21.770000457763672,31.0
2025-05-14,119.34061431884766,88.61788177490234,95.95613098144533,21.600000381469727,30.32999992370605
2025-05-15,120.01375579833984,89.19708251953125,96.1346206665039,21.46999931335449,30.82999992370605
2025-05-16,120.59909057617188,89.2255630493164,96.18158721923828,21.440000534057617,30.459999084472656
2025-05-19,120.9307861328125,89.1781005859375,96.2473373413086,21.459999084472656,30.84000015258789
2025-05-20,120.803955078125,89.06415557861328,96.30370330810548,21.65999984741211,31.40999984741211
2025-05-21,119.29183959960938,88.44695281982422,96.17221069335938,21.540000915527344,31.65999984741211
2025-05-22,119.20404815673828,88.77928161621094,96.21915435791016,21.38999938964844,31.3799991607666
2025-05-23,118.93087768554688,89.03565216064453,96.3130874633789,21.559999465942383,32.06999969482422
2025-05-27,120.86248779296876,89.40596771240234,96.34127044677734,21.40999984741211,31.530000686645508
2025-05-28,120.03326416015624,89.15908813476562,96.2661361694336,21.32999992370605,31.459999084472656
2025-05-29,120.52104949951172,89.5294189453125,96.30370330810548,21.26000022888184,31.63999938964844
2025-05-30,120.35520935058594,89.79527282714844,96.482177734375,21.170000076293945,31.43000030517578
2025-06-02,121.15516662597656,89.49043273925781,96.40868377685548,21.600000381469727,32.2599983215332
2025-06-03,121.46734619140624,89.40469360351562,96.33332061767578,21.700000762939453,31.979999542236328
2025-06-04,121.75025939941406,90.06201934814453,96.43695831298828,21.63999938964844,32.18000030517578
2025-06-05,121.41857147216795,89.79528045654297,96.30506896972656,21.76000022888184,32.02000045776367
2025-06-06,122.36485290527344,89.0807876586914,96.11662292480467,21.979999542236328,31.600000381469727
2025-06-09,122.56973266601562,89.24273681640625,96.17314910888672,22.040000915527344,31.75
2025-06-10,123.15506744384766,89.3951644897461,96.18258666992188,21.979999542236328,31.75
2025-06-11,122.92092895507812,89.76670837402344,96.19200897216795,22.3700008392334,31.93000030517578
2025-06-12,123.44773864746094,90.15727996826172,96.25794982910156,22.3799991607666,32.31999969482422
2025-06-13,121.8965835571289,89.82386016845703,96.30506896972656,23.040000915527344,32.75
2025-06-16,122.95995330810548,89.56664276123047,96.25794982910156,22.989999771118164,32.279998779296875
2025-06-17,121.760009765625,90.00485229492188,96.46521759033205,23.479999542236328,32.290000915527344
2025-06-18,121.82829284667967,90.06201934814453,96.5029067993164,23.520000457763672,32.119998931884766
2025-06-20,121.29405975341795,90.1191635131836,96.6253662109375,23.59000015258789,32.099998474121094
2025-06-23,122.45074462890624,90.43354034423828,96.69132995605467,22.68000030517578,32.209999084472656
2025-06-24,123.9897232055664,90.74789428710938,96.67249298095705,22.11000061035156,31.700000762939453
2025-06-25,123.77405548095705,90.78600311279295,96.72900390625,22.059999465942383,31.799999237060547
2025-06-26,124.93074035644533,91.10989379882812,96.87032318115234,22.1299991607666,31.770000457763672
2025-06-27,125.46986389160156,90.87174224853516,96.86090850830078,22.100000381469727,31.190000534057617
2025-06-30,125.9795913696289,91.2337417602539,96.95514678955078,22.040000915527344,31.540000915527344
2025-07-01,125.98938751220705,91.0645980834961,96.90027618408205,22.15999984741211,31.82999992370605
2025-07-02,126.55792236328124,90.87344360351562,96.92864990234376,22.530000686645508,32.0099983215332
2025-07-03,127.22447204589844,90.55811309814452,96.85296630859376,22.459999084472656,31.790000915527344
2025-07-07,126.06781768798828,90.27139282226562,96.95702362060548,22.5,31.82999992370605
2025-07-08,126.33248138427734,90.13760375976562,96.91919708251952,22.549999237060547,31.5
2025-07-09,127.08724212646484,90.60588073730467,97.02324676513672,22.549999237060547,31.6299991607666
2025-07-10,127.32250213623048,90.55811309814452,97.02324676513672,22.38999938964844,31.709999084472656
2025-07-11,126.68535614013672,90.13760375976562,97.0705108642578,22.68000030517578,32.0099983215332
2025-07-14,126.91082763671876,90.09937286376952,97.12726593017578,22.450000762939453,31.88999938964844
2025-07-15,126.26383972167967,89.74578857421875,97.06106567382812,22.40999984741211,31.76000022888184
2025-07-16,126.7637939453125,89.9942626953125,97.1556396484375,22.479999542236328,31.93000030517578
2025-07-17,127.41072082519533,89.96560668945312,97.2786102294922,22.649999618530277,31.850000381469727
2025-07-18,127.30289459228516,90.2140655517578,97.3637237548828,22.709999084472656,31.920000076293945
2025-07-21,127.6165771484375,90.5294418334961,97.4488525390625,22.670000076293945,32.41999816894531
2025-07-22,127.969482421875,90.78744506835938,97.48668670654295,22.61000061035156,32.72999954223633
2025-07-23,129.4398193359375,90.46253204345705,97.2786102294922,22.600000381469727,32.31999969482422
2025-07-24,129.09674072265625,90.32874298095705,97.26914978027344,22.6299991607666,32.13999938964844
2025-07-25,129.37118530273438,90.53897857666016,97.25968170166016,22.420000076293945,31.84000015258789
2025-07-28,128.72425842285156,90.33828735351562,97.2786102294922,22.709999084472656,31.63999938964844
2025-07-29,128.48899841308594,90.93079376220705,97.46776580810548,23.0,31.700000762939453
2025-07-30,128.03807067871094,90.61544036865234,97.32591247558594,23.049999237060547,31.18000030517578
2025-07-31,127.36170959472656,90.69190216064452,97.25968170166016,22.799999237060547,31.3799991607666
2025-08-01,125.87177276611328,91.7359848022461,97.63821411132812,22.51000022888184,32.02000045776367
2025-08-04,127.6361846923828,91.86065673828124,97.74256896972656,22.3799991607666,32.20000076293945
2025-08-05,127.3813247680664,91.79352569580078,97.7046127319336,22.229999542236328,32.220001220703125
2025-08-06,128.2145233154297,91.72642517089844,97.7046127319336,22.190000534057617,32.15999984741211
2025-08-07,128.4497833251953,91.65929412841795,97.75205993652344,22.229999542236328,32.41999816894531
2025-08-08,129.2045440673828,91.44837188720705,97.75205993652344,22.18000030517578,32.41999816894531
2025-08-11,128.86148071289062,91.47713470458984,97.77102661132812,22.25,31.959999084472656
2025-08-12,130.4004364013672,91.4579620361328,97.74256896972656,22.1200008392334,31.920000076293945
2025-08-13,131.0572052001953,91.78394317626952,97.89434814453124,22.07999992370605,32.029998779296875
2025-08-14,130.7435302734375,91.48670196533205,97.82795715332033,22.149999618530277,31.82999992370605
2025-08-15,130.7435302734375,91.30455780029295,97.76155090332033,22.1299991607666,31.850000381469727
2025-08-18,130.8121337890625,91.21825408935548,97.73307800292967,22.18000030517578,31.790000915527344
2025-08-19,130.2141876220703,91.44837188720705,97.78998565673828,22.059999465942383,31.61000061035156
2025-08-20,130.0475616455078,91.58260345458984,97.85640716552734,22.299999237060547,31.940000534057617
2025-08-21,129.57705688476562,91.31414031982422,97.86590576171876,22.459999084472656,31.82999992370605
2025-08-22,131.7923583984375,91.822265625,98.245361328125,22.56999969482422,32.150001525878906
2025-08-25,130.9297637939453,91.64013671875,98.17894744873048,22.709999084472656,32.09000015258789
2025-08-26,131.2728271484375,91.87981414794922,98.34024047851562,22.520000457763672,32.33000183105469
2025-08-27,131.3316650390625,92.05240631103516,98.51099395751952,22.59000015258789,32.380001068115234
2025-08-28,131.85116577148438,92.2633285522461,98.51099395751952,22.71999931335449,32.619998931884766
2025-08-29,131.1258087158203,92.1866226196289,98.54893493652344,22.770000457763672,32.939998626708984
2025-09-02,130.18478393554688,91.91152954101562,98.45367431640624,23.1200008392334,33.7400016784668
2025-09-03,130.66510009765625,92.22895050048828,98.49177551269533,22.8799991607666,33.9900016784668
2025-09-04,131.59632873535156,92.642578125,98.5203628540039,22.75,33.849998474121094
2025-09-05,131.72377014160156,93.0946807861328,98.62517547607422,22.549999237060547,34.279998779296875
2025-09-08,132.4393310546875,93.38326263427734,98.69184112548828,22.709999084472656,34.68000030517578
2025-09-09,132.5667724609375,93.1620101928711,98.63468933105467,22.700000762939453,34.61000061035156
2025-09-10,132.8510284423828,93.41211700439452,98.63468933105467,22.86000061035156,34.72999954223633
2025-09-11,134.16452026367188,93.55640411376952,98.60610961914062,22.670000076293945,34.68000030517578
2025-09-12,133.89987182617188,93.28707885742188,98.5870590209961,22.76000022888184,34.75
2025-09-15,134.65464782714844,93.44097137451172,98.59656524658205,23.030000686645508,35.099998474121094
2025-09-16,134.60565185546875,93.4986801147461,98.69184112548828,23.239999771118164,35.16999816894531
2025-09-17,134.4095916748047,93.29669189453124,98.64421844482422,22.979999542236328,34.90999984741211
2025-09-18,135.0369415283203,92.98887634277344,98.59656524658205,22.8799991607666,34.77000045776367
2025-09-19,135.22186279296875,92.95038604736328,98.5870590209961,22.709999084472656,35.13999938964844
2025-09-22,135.77268981933594,92.7964859008789,98.5013198852539,22.75,35.7400016784668
2025-09-23,135.26123046875,93.05619049072266,98.57752227783205,23.0,35.900001525878906
2025-09-24,134.65135192871094,92.80609893798828,98.5203628540039,23.15999984741211,35.56999969482422
2025-09-25,133.89395141601562,92.60409545898438,98.4155731201172,23.270000457763672,35.709999084472656
2025-09-26,134.62184143066406,92.55601501464844,98.46320343017578,23.309999465942383,35.91999816894531
2025-09-29,135.1333465576172,92.82535552978516,98.45367431640624,23.030000686645508,36.5099983215332
2025-09-30,135.54647827148438,92.786865234375,98.47273254394533,22.96999931335449,36.810001373291016
2025-10-01,136.244873046875,93.0994873046875,98.58636474609376,22.920000076293945,36.869998931884766
2025-10-02,136.44161987304688,93.19596862792967,98.5386199951172,22.690000534057617,36.75
2025-10-03,136.80555725097656,93.0126495361328,98.50042724609376,22.75,37.040000915527344
2025-10-06,137.29737854003906,92.74248504638672,98.51951599121094,22.96999931335449,37.7599983215332
2025-10-07,136.45143127441406,92.97405242919922,98.6150131225586,23.049999237060547,37.95000076293945
2025-10-08,137.1891632080078,92.99333953857422,98.60546875,23.149999618530277,38.56999969482422
2025-10-09,136.47109985351562,92.9258041381836,98.54815673828124,22.93000030517578,37.869998931884766
2025-10-10,132.94964599609375,93.50473022460938,98.66275024414062,22.450000762939453,38.2400016784668
2025-10-13,135.07432556152344,93.55296325683594,98.80599975585938,22.75,39.18000030517578
2025-10-14,135.00547790527344,93.7941665649414,98.7677993774414,22.520000457763672,39.47999954223633
2025-10-15,135.7628936767578,93.68802642822266,98.72004699707033,22.59000015258789,40.13999938964844
2025-10-16,135.39892578125,94.12223815917967,98.83464813232422,22.540000915527344,41.060001373291016
2025-10-17,135.82191467285156,93.96786499023438,98.7868881225586,22.5,40.29999923706055
2025-10-20,137.16949462890625,94.0932846069336,98.7868881225586,22.690000534057617,41.7400016784668
2025-10-21,136.8153839111328,94.26696014404295,98.86328887939452,22.600000381469727,39.16999816894531
2025-10-22,136.22518920898438,94.28624725341795,98.93013763427734,22.90999984741211,39.09999847412109
2025-10-23,137.1203155517578,93.9774932861328,98.87284088134766,23.34000015258789,39.2400016784668
2025-10-24,137.9859161376953,94.06434631347656,98.84420013427734,23.25,39.11000061035156
2025-10-27,139.36302185058594,94.06434631347656,98.75823974609376,23.18000030517578,38.02999877929688
2025-10-28,139.4613800048828,94.15118408203124,98.72960662841795,22.8799991607666,37.7400016784668
2025-10-29,139.27450561523438,93.5433120727539,98.4813232421875,23.040000915527344,37.619998931884766
2025-10-30,138.044921875,93.40824127197266,98.47177124023438,23.049999237060547,38.34000015258789
2025-10-31,138.29086303710938,93.44683074951172,98.56727600097656,23.209999084472656,38.130001068115234
2025-11-03,138.45806884765625,93.4023208618164,98.58356475830078,23.40999984741211,38.220001220703125
2025-11-04,136.71702575683594,93.51846313476562,98.59315490722656,23.170000076293945,37.540000915527344
2025-11-05,137.46458435058594,93.0732192993164,98.45895385742188,23.049999237060547,37.970001220703125
2025-11-06,136.2350311279297,93.5474853515625,98.54521942138672,23.049999237060547,37.93999862670898
2025-11-07,136.55963134765625,93.5862274169922,98.61231231689452,23.07999992370605,38.16999816894531
2025-11-10,138.4678955078125,93.46038818359376,98.59315490722656,23.43000030517578,39.20000076293945
2025-11-11,138.84169006347656,93.75074768066406,98.77527618408205,23.6299991607666,39.36000061035156
2025-11-12,139.17613220214844,93.7701187133789,98.63148498535156,23.229999542236328,40.0
2025-11-13,137.01210021972656,93.49909973144533,98.61231231689452,23.149999618530277,39.68000030517578
2025-11-14,136.96292114257812,93.34423828125,98.60272979736328,23.25,38.95000076293945
2025-11-17,135.45794677734375,93.4507064819336,98.573974609375,23.229999542236328,38.5099983215332
2025-11-18,134.44479370117188,93.60555267333984,98.61231231689452,23.459999084472656,38.77999877929688
2025-11-19,134.58251953125,93.53781127929688,98.5644073486328,23.18000030517578,38.84999847412109
2025-11-20,132.52667236328125,93.76042938232422,98.63148498535156,22.920000076293945,38.84999847412109
2025-11-21,133.92344665527344,94.07017517089844,98.72733306884766,22.770000457763672,38.7599983215332
2025-11-24,135.54647827148438,94.21534729003906,98.7177505493164,22.8799991607666,39.38999938964844
2025-11-25,136.80555725097656,94.45731353759766,98.78485107421876,22.670000076293945,39.380001068115234
2025-11-26,137.92691040039062,94.53475189208984,98.83277130126952,22.979999542236328,39.68999862670898
2025-11-28,138.5859375,94.37020874023438,98.80401611328124,23.270000457763672,40.18999862670898
2025-12-01,137.92691040039062,93.86346435546876,98.75015258789062,23.290000915527344,40.380001068115234
2025-12-02,138.18263244628906,93.94112396240234,98.7693862915039,23.15999984741211,40.130001068115234
2025-12-03,138.75315856933594,94.13528442382812,98.83672332763672,23.309999465942383,40.09000015258789
2025-12-04,138.96957397460938,93.84405517578124,98.8271026611328,23.440000534057617,40.130001068115234
2025-12-05,139.24497985839844,93.64990234375,98.807861328125,23.63999938964844,40.040000915527344
2025-12-08,138.822021484375,93.45574188232422,98.69243621826172,23.26000022888184,39.95000076293945
2025-12-09,138.66464233398438,93.31983947753906,98.60586547851562,23.100000381469727,40.150001525878906
2025-12-10,139.8450164794922,93.62078857421876,98.75975799560548,23.26000022888184,40.31999969482422
2025-12-11,140.22862243652344,93.63047790527344,98.75975799560548,23.170000076293945,40.75
2025-12-12,138.91055297851562,93.37808227539062,98.73090362548828,22.940000534057617,40.97999954223633
2025-12-15,138.91055297851562,93.45574188232422,98.711669921875,22.780000686645508,41.02999877929688
2025-12-16,138.3793487548828,93.71784973144533,98.67320251464844,22.479999542236328,41.02999877929688
2025-12-17,137.1104736328125,93.69843292236328,98.75015258789062,22.799999237060547,41.380001068115234
2025-12-18,138.143310546875,93.94112396240234,98.7693862915039,22.6200008392334,41.290000915527344
2025-12-19,139.308349609375,93.72977447509766,98.76165771484376,22.81999969482422,41.36000061035156
2025-12-22,140.14120483398438,93.63240051269533,98.71339416503906,23.13999938964844,42.310001373291016
2025-12-23,140.80552673339844,93.59343719482422,98.66514587402344,23.3700008392334,42.84999847412109
2025-12-24,141.15255737304688,93.83692169189452,98.75200653076172,23.31999969482422,42.68000030517578
2025-12-26,141.2913818359375,93.92457580566406,98.80992889404295,23.21999931335449,43.18999862670898
2025-12-29,140.80552673339844,94.06092834472656,98.8485336303711,23.170000076293945,41.310001373291016
2025-12-30,140.77578735351562,93.9635238647461,98.87750244140624,23.299999237060547,41.369998931884766
2025-12-31,139.86358642578125,93.65187072753906,98.82923126220705,23.059999465942383,41.08000183105469
